id,title,price,link,img,description,address_no,address_street,address_city,address_postcode,key_info_price,key_info_style,key_info_bedrooms,key_info_bathrooms,key_info_reception,key_info_heating,key_info_epc,key_info_size,key_info_status,timestamp
820003,"4 Cairnmore Crescent,",249950,https://www.propertypal.com/4-cairnmore-crescent-lisburn/820003,/_static/3d75ac11dde0090594eb87d4b294a48c6848892e/_next/static/media/PropertyPalLogo@3x.c8a03f97.png,4 Bed Detached House,4,"Cairnmore Crescent,",Lisburn, BT28 2QE,"Offers around£249,950",Detached House,4,2,1,,EPC Rating Graph,,For sale,2023-05-21 17:57:02.806998
838005,"227 Ballylesson Road,",775000,https://www.propertypal.com/227-ballylesson-road-lisburn/838005,/_static/3d75ac11dde0090594eb87d4b294a48c6848892e/_next/static/media/PropertyPalLogo@3x.c8a03f97.png,5 Bed Detached House,227,"Ballylesson Road,",Lisburn, BT27 5TS,"Offers over£775,000",Detached House,5,,4,Oil,F37/D62,,For sale,2023-05-21 17:56:48.259500
813022,"1 Carrickmaddy Court,",225000,https://www.propertypal.com/1-carrickmaddy-court-lisburn/813022,/_static/3d75ac11dde0090594eb87d4b294a48c6848892e/_next/static/media/PropertyPalLogo@3x.c8a03f97.png,3 Bed Detached House,1,"Carrickmaddy Court,",Lisburn, BT28 2RG,"Offers around£225,000",Detached House,3,,1,Oil,B84/B84,,For sale,2023-05-21 17:57:01.920091
810838,"88 Causeway End Road,",275000,https://www.propertypal.com/88-causeway-end-road-lisburn/810838,/_static/3d75ac11dde0090594eb87d4b294a48c6848892e/_next/static/media/PropertyPalLogo@3x.c8a03f97.png,4 Bed Detached House,88,"Causeway End Road,",Lisburn, BT28 2ED,"Offers around£275,000",Detached House,4,2,2,,EPC Rating Graph,,For sale,2023-05-21 17:56:58.022844
838056,"10 Aberdelghy Park,",235000,https://www.propertypal.com/10-aberdelghy-park-lambeg-lisburn/838056,/_static/3d75ac11dde0090594eb87d4b294a48c6848892e/_next/static/media/PropertyPalLogo@3x.c8a03f97.png,3 Bed Detached Bungalow,10,"Aberdelghy Park,", Lisburn, BT27 4QF,"Offers around£235,000",Detached Bungalow,3,1,2,,F35/E49,,For sale,2023-05-21 17:56:46.642018
823952,"13 Mourneview Crescent,",149950,https://www.propertypal.com/13-mourneview-crescent-lisburn/823952,/_static/3d75ac11dde0090594eb87d4b294a48c6848892e/_next/static/media/PropertyPalLogo@3x.c8a03f97.png,3 Bed Semi-detached Bungalow,13,"Mourneview Crescent,",Lisburn, BT28 3HD,"Offers over£149,950",Semi-detached Bungalow,3,1,1,Oil,E39/D62,,For sale,2023-05-21 17:57:04.128801
837988,"61 Warren Gardens,",115000,https://www.propertypal.com/61-warren-gardens-longstone-street-lisburn/837988,/_static/3d75ac11dde0090594eb87d4b294a48c6848892e/_next/static/media/PropertyPalLogo@3x.c8a03f97.png,3 Bed Terrace House,61,"Warren Gardens,", Lisburn, BT28 1HL,"Offers around£115,000",Terrace House,3,,1,Oil,E41/C69,,For sale,2023-05-21 17:56:45.695570
815006,"1 Ballyknockan Park,",105000,https://www.propertypal.com/1-ballyknockan-park-lisburn/815006,/_static/3d75ac11dde0090594eb87d4b294a48c6848892e/_next/static/media/PropertyPalLogo@3x.c8a03f97.png,3 Bed Terrace House,1,"Ballyknockan Park,",Lisburn, BT28 1SH,"Offers around£105,000",Terrace House,3,,1,Oil,E39/D66,,For sale,2023-05-21 17:57:09.059750
838540,"32 Ayrshire Park,",225000,https://www.propertypal.com/32-ayrshire-park-lisburn/838540,/_static/3d75ac11dde0090594eb87d4b294a48c6848892e/_next/static/media/PropertyPalLogo@3x.c8a03f97.png,3 Bed Detached House,32,"Ayrshire Park,",Lisburn, BT28 2LT,"Price£225,000",Detached House,3,2,1,Gas,EPC -PDF (61kb),,For sale,2023-05-21 17:56:47.964578
822285,"55 Greenburn Way,",189950,https://www.propertypal.com/55-greenburn-way-lisburn/822285,/_static/3d75ac11dde0090594eb87d4b294a48c6848892e/_next/static/media/PropertyPalLogo@3x.c8a03f97.png,4 Bed Semi-detached House,55,"Greenburn Way,",Lisburn, BT27 4LU,"Offers over£189,950",Semi-detached House,4,1,1,,E51/D63,,For sale,2023-05-21 17:57:07.817926
658070,"B, Woodbrook,",285000,https://www.propertypal.com/b-woodbrook-ballinderry-road-lisburn/658070,/_static/3d75ac11dde0090594eb87d4b294a48c6848892e/_next/static/media/PropertyPalLogo@3x.c8a03f97.png,4 Bed Detached House,,"B, Woodbrook,",Ballinderry Road, Lisburn,"Prices from£285,000",Detached House,4,3,1,Gas,,,For sale,2023-05-21 17:56:47.426498
812132,"75 Lady Wallace Gardens,",239950,https://www.propertypal.com/75-lady-wallace-gardens-thaxton-lisburn/812132,/_static/3d75ac11dde0090594eb87d4b294a48c6848892e/_next/static/media/PropertyPalLogo@3x.c8a03f97.png,3 Bed Detached House,75,"Lady Wallace Gardens,", Lisburn, BT28 3GW,"Offers around£239,950",Detached House,3,2,2,,C76/C76,,For sale,2023-05-21 17:57:09.943531
837876,"9 Craig Crescent,",89950,https://www.propertypal.com/9-craig-crescent-manor-park-lisburn/837876,/_static/3d75ac11dde0090594eb87d4b294a48c6848892e/_next/static/media/PropertyPalLogo@3x.c8a03f97.png,3 Bed Terrace House,9,"Craig Crescent,", Lisburn, BT28 1HB,"Offers over£89,950",Terrace House,3,,1,Gas,D68/C70,,For sale,2023-05-21 17:56:52.436678
836947,"15 Sir Richard Wallace Manor,",194950,https://www.propertypal.com/15-sir-richard-wallace-manor-lisburn/836947,/_static/3d75ac11dde0090594eb87d4b294a48c6848892e/_next/static/media/PropertyPalLogo@3x.c8a03f97.png,3 Bed Semi-detached House,15,"Sir Richard Wallace Manor,",Lisburn, BT28 3YW,"Price£194,950",Semi-detached House,3,1,1,,,,For sale,2023-05-21 17:56:52.170230
836929,"73 Woodbrook Avenue,",275000,https://www.propertypal.com/73-woodbrook-avenue-lisburn/836929,/_static/3d75ac11dde0090594eb87d4b294a48c6848892e/_next/static/media/PropertyPalLogo@3x.c8a03f97.png,3 Bed Detached House,73,"Woodbrook Avenue,",Lisburn, BT28 2ZG,"Offers around£275,000",Detached House,3,,2,Gas,B84/B84,,For sale,2023-05-21 17:56:51.904939
836912,"134 Pond Park Road,",365000,https://www.propertypal.com/134-pond-park-road-lisburn/836912,/_static/3d75ac11dde0090594eb87d4b294a48c6848892e/_next/static/media/PropertyPalLogo@3x.c8a03f97.png,5 Bed Detached House,134,"Pond Park Road,",Lisburn, BT28 3RE,"Offers around£365,000",Detached House,5,,3,Gas,F36/E40,,For sale,2023-05-21 17:56:53.347517
837886,"4 Ventnor Park,",149950,https://www.propertypal.com/4-ventnor-park-moss-road-lisburn/837886,/_static/3d75ac11dde0090594eb87d4b294a48c6848892e/_next/static/media/PropertyPalLogo@3x.c8a03f97.png,4 Bed Semi-detached House,4,"Ventnor Park,", Lisburn, BT27 4LX,"Offers around£149,950",Semi-detached House,4,,2,Oil,E43/D61,,For sale,2023-05-21 17:56:51.386954
811561,"6 Fulmar Crescent,",185000,https://www.propertypal.com/6-fulmar-crescent-lisburn/811561,/_static/3d75ac11dde0090594eb87d4b294a48c6848892e/_next/static/media/PropertyPalLogo@3x.c8a03f97.png,3 Bed Semi-detached House,6,"Fulmar Crescent,",Lisburn, BT28 3HT,"Offers around£185,000",Semi-detached House,3,,1,Gas,E51/C71,,For sale,2023-05-21 17:56:50.825233
837869,"18 Lady Wallace Court,",119950,https://www.propertypal.com/18-lady-wallace-court-lisburn/837869,/_static/3d75ac11dde0090594eb87d4b294a48c6848892e/_next/static/media/PropertyPalLogo@3x.c8a03f97.png,2 Bed Apartment,18,"Lady Wallace Court,",Lisburn, BT28 3GU,"Price£119,950",Apartment,2,2,1,,,,For sale,2023-05-21 17:56:51.109949
837881,"104 Low Road,",84950,https://www.propertypal.com/104-low-road-lisburn/837881,/_static/3d75ac11dde0090594eb87d4b294a48c6848892e/_next/static/media/PropertyPalLogo@3x.c8a03f97.png,2 Bed Terrace House,104,"Low Road,",Lisburn, BT27 4TN,"Offers around£84,950",Terrace House,2,,1,Oil,F32/D66,,For sale,2023-05-21 17:56:50.101313
837410,"35 Tullyard Road,",1395000,https://www.propertypal.com/35-tullyard-road-lisburn/837410,/_static/3d75ac11dde0090594eb87d4b294a48c6848892e/_next/static/media/PropertyPalLogo@3x.c8a03f97.png,4 Bed Detached House,35,"Tullyard Road,",Lisburn, BT27 5JN,"Offers around£1,395,000",Detached House,4,3,2,,EPC Rating,,For sale,2023-05-21 17:56:50.397972
837882,"Home Lodge, 138b Ballynahinch Road,",365000,https://www.propertypal.com/home-lodge-138b-ballynahinch-road-lisburn/837882,/_static/3d75ac11dde0090594eb87d4b294a48c6848892e/_next/static/media/PropertyPalLogo@3x.c8a03f97.png,5 Bed Detached House,138,"Home Lodge,",Lisburn, BT27 5HB,"Offers around£365,000",Detached House,5,,3,Oil,D58/D64,,For sale,2023-05-21 17:56:53.058988
837978,"36 Ravernet Road,",350000,https://www.propertypal.com/36-ravernet-road-lisburn/837978,/_static/3d75ac11dde0090594eb87d4b294a48c6848892e/_next/static/media/PropertyPalLogo@3x.c8a03f97.png,2 Bed Detached Bungalow,36,"Ravernet Road,",Lisburn, BT27 5NB,"Offers around£350,000",Detached Bungalow,2,1,2,,F30/E48,,For sale,2023-05-21 17:56:51.651033
837390,"1 Old Church Place,",185000,https://www.propertypal.com/1-old-church-place-lisburn/837390,/_static/3d75ac11dde0090594eb87d4b294a48c6848892e/_next/static/media/PropertyPalLogo@3x.c8a03f97.png,3 Bed Semi-detached House,1,"Old Church Place,",Lisburn, BT28 3FS,"Offers around£185,000",Semi-detached House,3,2,1,,D57/D63,,For sale,2023-05-21 17:56:52.747650
836267,"33 Greenburn Way,",159950,https://www.propertypal.com/33-greenburn-way-moss-road-lisburn/836267,/_static/3d75ac11dde0090594eb87d4b294a48c6848892e/_next/static/media/PropertyPalLogo@3x.c8a03f97.png,3 Bed Semi-detached House,33,"Greenburn Way,", Lisburn, BT27 4LU,"Offers around£159,950",Semi-detached House,3,,2,Gas,C72/C73,,For sale,2023-05-21 17:56:57.030248
835276,"121 Queensway,",159950,https://www.propertypal.com/121-queensway-lambeg-lisburn/835276,/_static/3d75ac11dde0090594eb87d4b294a48c6848892e/_next/static/media/PropertyPalLogo@3x.c8a03f97.png,2 Bed Detached Bungalow,121,"Queensway,", Lisburn, BT27 4QS,"Offers around£159,950",Detached Bungalow,2,,2,Oil,F29/D58,,For sale,2023-05-21 17:56:59.220755
836191,"10 Ayrshire Way,",175000,https://www.propertypal.com/10-ayrshire-way-lisburn/836191,/_static/3d75ac11dde0090594eb87d4b294a48c6848892e/_next/static/media/PropertyPalLogo@3x.c8a03f97.png,3 Bed Townhouse,10,"Ayrshire Way,",Lisburn, BT28 2GL,"Offers around£175,000",Townhouse,3,1,1,,B82/B82,,For sale,2023-05-21 17:56:58.907495
836804,"10 Trostan Place,",94500,https://www.propertypal.com/10-trostan-place-off-slemish-way-lisburn/836804,/_static/3d75ac11dde0090594eb87d4b294a48c6848892e/_next/static/media/PropertyPalLogo@3x.c8a03f97.png,2 Bed Mid Townhouse,10,"Trostan Place,", Lisburn, BT28 1UN,"Offers around£94,500",Mid Townhouse,2,1,1,Oil,,,For sale,2023-05-21 17:56:56.454718
761961,"55D Bailliesmills Road,",545000,https://www.propertypal.com/55d-bailliesmills-road-lisburn/761961,/_static/3d75ac11dde0090594eb87d4b294a48c6848892e/_next/static/media/PropertyPalLogo@3x.c8a03f97.png,5 Bed Detached House,55,"D Bailliesmills Road,",Lisburn, BT27 6XJ,"Asking price£545,000",Detached House,5,5,3,Oil,B85/B85,,For sale,2023-05-21 17:56:57.411898
835294,"19 The Beeches Manor,",174950,https://www.propertypal.com/19-the-beeches-manor-stoneyford-lisburn/835294,/_static/3d75ac11dde0090594eb87d4b294a48c6848892e/_next/static/media/PropertyPalLogo@3x.c8a03f97.png,3 Bed Semi-detached House,19,"The Beeches Manor,", Lisburn, BT28 3PL,"Offers around£174,950",Semi-detached House,3,1,2,,EPC Rating Graph,,For sale,2023-05-21 17:56:54.851001
812542,"17 Lady Wallace Avenue,",204950,https://www.propertypal.com/17-lady-wallace-avenue-lisburn/812542,/_static/3d75ac11dde0090594eb87d4b294a48c6848892e/_next/static/media/PropertyPalLogo@3x.c8a03f97.png,3 Bed Semi-detached House,17,"Lady Wallace Avenue,",Lisburn, BT28 3GN,"Offers around£204,950",Semi-detached House,3,2,2,,C78,,For sale,2023-05-21 17:56:58.451852
835341,"45 Laurelhill Road,",300000,https://www.propertypal.com/45-laurelhill-road-lisburn/835341,/_static/3d75ac11dde0090594eb87d4b294a48c6848892e/_next/static/media/PropertyPalLogo@3x.c8a03f97.png,4 Bed Detached House,45,"Laurelhill Road,",Lisburn, BT28 2UH,"Offers over£300,000",Detached House,4,1,3,,C69/C72,,For sale,2023-05-21 17:56:55.865156
782487,"128 Causeway Meadows,",265000,https://www.propertypal.com/128-causeway-meadows-lisburn/782487,/_static/3d75ac11dde0090594eb87d4b294a48c6848892e/_next/static/media/PropertyPalLogo@3x.c8a03f97.png,4 Bed Detached House,128,"Causeway Meadows,",Lisburn, BT28 2GE,"Offers around£265,000",Detached House,4,3,2,Gas,C69/C69,,For sale,2023-05-21 17:56:57.690333
836217,"8 Thornleigh Mews,",175000,https://www.propertypal.com/8-thornleigh-mews-lisburn/836217,/_static/3d75ac11dde0090594eb87d4b294a48c6848892e/_next/static/media/PropertyPalLogo@3x.c8a03f97.png,2 Bed Apartment,8,"Thornleigh Mews,",Lisburn, BT28 2PW,"Offers around£175,000",Apartment,2,2,1,,C78/C79,,For sale,2023-05-21 17:56:55.209283
836332,"30 Lansdowne Park,",249950,https://www.propertypal.com/30-lansdowne-park-lisburn/836332,/_static/3d75ac11dde0090594eb87d4b294a48c6848892e/_next/static/media/PropertyPalLogo@3x.c8a03f97.png,3 Bed Detached Bungalow,30,"Lansdowne Park,",Lisburn, BT27 5DJ,"Offers over£249,950",Detached Bungalow,3,,2,Oil,D57/D66,,For sale,2023-05-21 17:56:55.588629
835223,"19 Holborn Hall,",285000,https://www.propertypal.com/19-holborn-hall-lisburn/835223,/_static/3d75ac11dde0090594eb87d4b294a48c6848892e/_next/static/media/PropertyPalLogo@3x.c8a03f97.png,4 Bed Detached House,19,"Holborn Hall,",Lisburn, BT27 5AU,"Price£285,000",Detached House,4,3,3,Oil,,,For sale,2023-05-21 17:57:00.784877
834939,"18 Fountain Lane,",179950,https://www.propertypal.com/18-fountain-lane-lisburn/834939,/_static/3d75ac11dde0090594eb87d4b294a48c6848892e/_next/static/media/PropertyPalLogo@3x.c8a03f97.png,3 Bed Semi-detached House,18,"Fountain Lane,",Lisburn, BT28 3ZL,"Price£179,950",Semi-detached House,3,1,1,Gas,EPC -PDF (62kb),,For sale,2023-05-21 17:57:04.741879
823513,"59 Hollyburn,",285000,https://www.propertypal.com/59-hollyburn-lisburn/823513,/_static/3d75ac11dde0090594eb87d4b294a48c6848892e/_next/static/media/PropertyPalLogo@3x.c8a03f97.png,4 Bed Detached House,59,"Hollyburn,",Lisburn, BT28 2YL,"Offers over£285,000",Detached House,4,2,3,,C70/C71,,For sale,2023-05-21 17:57:04.401196
834718,"33 Breton Park,",245000,https://www.propertypal.com/33-breton-park-lisburn/834718,/_static/3d75ac11dde0090594eb87d4b294a48c6848892e/_next/static/media/PropertyPalLogo@3x.c8a03f97.png,3 Bed Semi-detached House,33,"Breton Park,",Lisburn, BT28 3FU,"Offers around£245,000",Semi-detached House,3,,1,Oil,B84/B84,,For sale,2023-05-21 17:57:02.533523
834742,"47 Jubilee Avenue,",74950,https://www.propertypal.com/47-jubilee-avenue-lisburn/834742,/_static/3d75ac11dde0090594eb87d4b294a48c6848892e/_next/static/media/PropertyPalLogo@3x.c8a03f97.png,1 Bed Apartment,47,"Jubilee Avenue,",Lisburn, BT28 1EB,"Offers around£74,950",Apartment,1,1,1,,D63/D64,,For sale,2023-05-21 17:57:03.515912
800191,"24 Ward Avenue,",125000,https://www.propertypal.com/24-ward-avenue-lisburn/800191,/_static/3d75ac11dde0090594eb87d4b294a48c6848892e/_next/static/media/PropertyPalLogo@3x.c8a03f97.png,2 Bed Semi-detached House,24,"Ward Avenue,",Lisburn, BT28 1EF,"Offers around£125,000",Semi-detached House,2,,1,Oil,F36/C75,,For sale,2023-05-21 17:57:03.225663
834730,"25 Lester Avenue,",200000,https://www.propertypal.com/25-lester-avenue-lisburn/834730,/_static/3d75ac11dde0090594eb87d4b294a48c6848892e/_next/static/media/PropertyPalLogo@3x.c8a03f97.png,3 Bed Detached House,25,"Lester Avenue,",Lisburn, BT28 3QD,"Offers over£200,000",Detached House,3,1,2,Oil,D61/D66,,For sale,2023-05-21 17:57:03.807922
834745,"3 Esker Ridge,",725000,https://www.propertypal.com/3-esker-ridge-antrim-road-lisburn/834745,/_static/3d75ac11dde0090594eb87d4b294a48c6848892e/_next/static/media/PropertyPalLogo@3x.c8a03f97.png,5 Bed Detached House,3,"Esker Ridge,", Lisburn, BT28 3EJ,"Offers around£725,000",Detached House,5,,4,Oil,B85/B85,,For sale,2023-05-21 17:57:02.201142
835218,"10a Kilcorig Road,",519950,https://www.propertypal.com/10a-kilcorig-road-lisburn/835218,/_static/3d75ac11dde0090594eb87d4b294a48c6848892e/_next/static/media/PropertyPalLogo@3x.c8a03f97.png,4 Bed Detached House,10,"a Kilcorig Road,",Lisburn, BT28 2QY,"Offers around£519,950",Detached House,4,,2,Oil,D66/C69,,For sale,2023-05-21 17:57:01.520853
764882,"27 Brook Lodge,",162500,https://www.propertypal.com/27-brook-lodge-ballinderry-lower/764882,/_static/3d75ac11dde0090594eb87d4b294a48c6848892e/_next/static/media/PropertyPalLogo@3x.c8a03f97.png,3 Bed Semi-detached Villa,27,"Brook Lodge,",Ballinderry Lower, BT28 2GZ,"Offers around£162,500",Semi-detached Villa,3,3,1,Oil,C69/C72,,For sale,2023-05-21 17:57:08.130216
787333,"116 Hillsborough Road,",130000,https://www.propertypal.com/116-hillsborough-road-lisburn/787333,/_static/3d75ac11dde0090594eb87d4b294a48c6848892e/_next/static/media/PropertyPalLogo@3x.c8a03f97.png,2 Bed Semi-detached House,116,"Hillsborough Road,",Lisburn, BT28 1JU,"Guide price£130,000",Semi-detached House,2,1,1,Oil,G15/E46,,For sale,2023-05-21 17:57:08.442540
833856,"5 Berkeley Hall Lane,",345000,https://www.propertypal.com/5-berkeley-hall-lane-lisburn/833856,/_static/3d75ac11dde0090594eb87d4b294a48c6848892e/_next/static/media/PropertyPalLogo@3x.c8a03f97.png,4 Bed Detached House,5,"Berkeley Hall Lane,",Lisburn, BT27 5TH,"Offers around£345,000",Detached House,4,,1,Gas,,,For sale,2023-05-21 17:57:09.629460
833650,"2 Rosemary Drive,",220000,https://www.propertypal.com/2-rosemary-drive-lisburn/833650,/_static/3d75ac11dde0090594eb87d4b294a48c6848892e/_next/static/media/PropertyPalLogo@3x.c8a03f97.png,3 Bed Detached House,2,"Rosemary Drive,",Lisburn, BT28 1LE,"Offers around£220,000",Detached House,3,,,,,,For sale,2023-05-21 17:57:07.517902
813372,"58 Clogher Road,",650000,https://www.propertypal.com/58-clogher-road-lisburn/813372,/_static/3d75ac11dde0090594eb87d4b294a48c6848892e/_next/static/media/PropertyPalLogo@3x.c8a03f97.png,4 Bed Detached House,58,"Clogher Road,",Lisburn, BT27 5PQ,"Asking price£650,000",Detached House,4,3,2,Oil,C72/C73,,For sale,2023-05-21 17:57:07.211747
754845,"19 Bellevue Manor,",134950,https://www.propertypal.com/19-bellevue-manor-lisburn/754845,/_static/3d75ac11dde0090594eb87d4b294a48c6848892e/_next/static/media/PropertyPalLogo@3x.c8a03f97.png,2 Bed Apartment,19,"Bellevue Manor,",Lisburn, BT28 3NU,"Offers around£134,950",Apartment,2,1,1,,C78/C79,,For sale,2023-05-21 17:57:09.348797
833672,"10 Ballinderry Gardens,",119950,https://www.propertypal.com/10-ballinderry-gardens-lisburn/833672,/_static/3d75ac11dde0090594eb87d4b294a48c6848892e/_next/static/media/PropertyPalLogo@3x.c8a03f97.png,3 Bed Terrace House,10,"Ballinderry Gardens,",Lisburn, BT28 1SR,"Offers around£119,950",Terrace House,3,1,2,,E46/C75,,For sale,2023-05-21 17:57:08.767026
637155,"D, Woodbrook,",205000,https://www.propertypal.com/d-woodbrook-ballinderry-road-lisburn/637155,/_static/3d75ac11dde0090594eb87d4b294a48c6848892e/_next/static/media/PropertyPalLogo@3x.c8a03f97.png,3 Bed Semi-detached House (7 homes),,"D, Woodbrook,",Ballinderry Road, Lisburn,"Prices from£205,000",Semi-detached House,3,2,1,Gas,,,For sale,2023-05-21 17:57:06.737927
830471,"6 Ava Street,",115000,https://www.propertypal.com/6-ava-street-off-young-street-lisburn/830471,/_static/3d75ac11dde0090594eb87d4b294a48c6848892e/_next/static/media/PropertyPalLogo@3x.c8a03f97.png,3 Bed Terrace House,6,"Ava Street,", Lisburn, BT27 5EN,"Offers around£115,000",Terrace House,3,,1,Oil,E40/D64,,For sale,2023-05-21 17:57:06.362211
832019,"73 Glenwood Court,",159950,https://www.propertypal.com/73-glenwood-court-lisburn/832019,/_static/3d75ac11dde0090594eb87d4b294a48c6848892e/_next/static/media/PropertyPalLogo@3x.c8a03f97.png,3 Bed Semi-detached House,73,"Glenwood Court,",Lisburn, BT28 3UD,"Offers around£159,950",Semi-detached House,3,1,1,,D63/D66,,For sale,2023-05-21 17:57:13.433959
833570,"2 Plantation Mews,",189950,https://www.propertypal.com/2-plantation-mews-lisburn/833570,/_static/3d75ac11dde0090594eb87d4b294a48c6848892e/_next/static/media/PropertyPalLogo@3x.c8a03f97.png,3 Bed Semi-detached House,2,"Plantation Mews,",Lisburn, BT27 5PF,"Offers around£189,950",Semi-detached House,3,1,2,,EPC Rating Graph,,For sale,2023-05-21 17:57:15.407413
832624,"35 Thornleigh Drive,",245000,https://www.propertypal.com/35-thornleigh-drive-lisburn/832624,/_static/3d75ac11dde0090594eb87d4b294a48c6848892e/_next/static/media/PropertyPalLogo@3x.c8a03f97.png,3 Bed Detached House,35,"Thornleigh Drive,",Lisburn, BT28 2DA,"Offers around£245,000",Detached House,3,2,2,,D56/D64,,For sale,2023-05-21 17:57:14.215523
832532,"122a Ballinderry Road,",369950,https://www.propertypal.com/122a-ballinderry-road-ballinderry-upper-lisburn/832532,/_static/3d75ac11dde0090594eb87d4b294a48c6848892e/_next/static/media/PropertyPalLogo@3x.c8a03f97.png,4 Bed Detached House,122,"a Ballinderry Road,", Lisburn, BT28 2NL,"Offers around£369,950",Detached House,4,,3,Oil,D55/D66,,For sale,2023-05-21 17:57:12.237655
760341,"2 Glenmore Terrace,",189950,https://www.propertypal.com/2-glenmore-terrace-mill-street-lisburn/760341,/_static/3d75ac11dde0090594eb87d4b294a48c6848892e/_next/static/media/PropertyPalLogo@3x.c8a03f97.png,3 Bed Townhouse,2,"Glenmore Terrace,", Lisburn, BT27 4RW,"Price£189,950",Townhouse,3,,1,Oil,F21/F38,,For sale,2023-05-21 17:57:15.129470
833028,"18 Magheralave Meadows,",284950,https://www.propertypal.com/18-magheralave-meadows-lisburn/833028,/_static/3d75ac11dde0090594eb87d4b294a48c6848892e/_next/static/media/PropertyPalLogo@3x.c8a03f97.png,4 Bed Semi-detached House,18,"Magheralave Meadows,",Lisburn, BT28 3NT,"Offers around£284,950",Semi-detached House,4,,1,Gas,C71/C72,,For sale,2023-05-21 17:57:11.616778
833547,"3 Cherry Vale,",299950,https://www.propertypal.com/3-cherry-vale-lisburn/833547,/_static/3d75ac11dde0090594eb87d4b294a48c6848892e/_next/static/media/PropertyPalLogo@3x.c8a03f97.png,4 Bed Detached House,3,"Cherry Vale,",Lisburn, BT28 1LZ,"Offers around£299,950",Detached House,4,1,3,,D58/D62,,For sale,2023-05-21 17:57:12.994224
833535,"65A Beanstown Road,",525000,https://www.propertypal.com/65a-beanstown-road-lisburn/833535,/_static/3d75ac11dde0090594eb87d4b294a48c6848892e/_next/static/media/PropertyPalLogo@3x.c8a03f97.png,4 Bed Detached House,65,"A Beanstown Road,",Lisburn, BT28 3UR,"Price£525,000",Detached House,4,,3,Oil,,,For sale,2023-05-21 17:57:14.487167
832664,"17 Belmont Grove,",265000,https://www.propertypal.com/17-belmont-grove-lisburn/832664,/_static/3d75ac11dde0090594eb87d4b294a48c6848892e/_next/static/media/PropertyPalLogo@3x.c8a03f97.png,4 Bed Detached House,17,"Belmont Grove,",Lisburn, BT28 3YB,"Offers over£265,000",Detached House,4,,2,Oil,F37/E44,,For sale,2023-05-21 17:57:11.946760
832540,"5 Tonagh Park,",179500,https://www.propertypal.com/5-tonagh-park-lisburn/832540,/_static/3d75ac11dde0090594eb87d4b294a48c6848892e/_next/static/media/PropertyPalLogo@3x.c8a03f97.png,3 Bed Semi-detached House,5,"Tonagh Park,",Lisburn, BT28 1DJ,"Offers around£179,500",Semi-detached House,3,1,2,,EPC -PDF (133kb),,For sale,2023-05-21 17:57:14.757296
833649,"142 Glenwood Court,",169500,https://www.propertypal.com/142-glenwood-court-lisburn/833649,/_static/3d75ac11dde0090594eb87d4b294a48c6848892e/_next/static/media/PropertyPalLogo@3x.c8a03f97.png,3 Bed Semi-detached House,142,"Glenwood Court,",Lisburn, BT28 3UF,"Offers over£169,500",Semi-detached House,3,1,1,,D60/D68,,For sale,2023-05-21 17:57:12.541968
832029,"CASH OFFERS ONLY, 4 Riverside Terrace,",59950,https://www.propertypal.com/cash-offers-only-4-riverside-terrace-hillsborough-old-road-lisburn/832029,/_static/3d75ac11dde0090594eb87d4b294a48c6848892e/_next/static/media/PropertyPalLogo@3x.c8a03f97.png,2 Bed Terrace House,4,"CASH OFFERS ONLY,", Lisburn, BT27 5QA,"Offers over£59,950",Terrace House,2,,1,Oil,F23/D64,,For sale,2023-05-21 17:57:13.844982
830519,"16 Lady Wallace Road,",170000,https://www.propertypal.com/16-lady-wallace-road-lisburn/830519,/_static/3d75ac11dde0090594eb87d4b294a48c6848892e/_next/static/media/PropertyPalLogo@3x.c8a03f97.png,3 Bed Townhouse,16,"Lady Wallace Road,",Lisburn, BT28 3WS,"Offers around£170,000",Townhouse,3,,2,Gas,C80/B81,,For sale,2023-05-21 17:57:18.189828
817504,"1 Prospect Mews,",188500,https://www.propertypal.com/1-prospect-mews-lisburn/817504,/_static/3d75ac11dde0090594eb87d4b294a48c6848892e/_next/static/media/PropertyPalLogo@3x.c8a03f97.png,2 Bed Apartment,1,"Prospect Mews,",Lisburn, BT28 3GZ,"Offers over£188,500",Apartment,2,,1,Gas,C72/C75,,For sale,2023-05-21 17:57:17.934338
658048,"F, Woodbrook,",169950,https://www.propertypal.com/f-woodbrook-ballinderry-road-lisburn/658048,/_static/3d75ac11dde0090594eb87d4b294a48c6848892e/_next/static/media/PropertyPalLogo@3x.c8a03f97.png,2 Bed Semi-detached House (2 homes),,"F, Woodbrook,",Ballinderry Road, Lisburn,"Prices from£169,950",Semi-detached House,2,2,1,Gas,,,For sale,2023-05-21 17:57:19.334938
751375,"17 Magheralave Park North,",325000,https://www.propertypal.com/17-magheralave-park-north-lisburn/751375,/_static/3d75ac11dde0090594eb87d4b294a48c6848892e/_next/static/media/PropertyPalLogo@3x.c8a03f97.png,4 Bed Detached House,17,"Magheralave Park North,",Lisburn, BT28 3NL,"Offers around£325,000",Detached House,4,,3,Oil,F32/D56,,For sale,2023-05-21 17:57:20.308584
830491,"3 Lady Wallace Way,",179950,https://www.propertypal.com/3-lady-wallace-way-lisburn/830491,/_static/3d75ac11dde0090594eb87d4b294a48c6848892e/_next/static/media/PropertyPalLogo@3x.c8a03f97.png,2 Bed Townhouse,3,"Lady Wallace Way,",Lisburn, BT28 3WR,"Offers around£179,950",Townhouse,2,,1,Gas,C75/C75,,For sale,2023-05-21 17:57:18.545831
785584,"'Lantaur House', 2a Kidds Lane,",750000,https://www.propertypal.com/lantaur-house-2a-kidds-lane-airport-road-ballinderry-upper-lisburn/785584,/_static/3d75ac11dde0090594eb87d4b294a48c6848892e/_next/static/media/PropertyPalLogo@3x.c8a03f97.png,6 Bed Detached House,2,"'Lantaur House',", Lisburn, BT28 2HJ,"Offers around£750,000",Detached House,6,,5,Oil,D56/D56,,For sale,2023-05-21 17:57:17.337803
757904,"78 Woodview Crescent,",215000,https://www.propertypal.com/78-woodview-crescent-lisburn/757904,/_static/3d75ac11dde0090594eb87d4b294a48c6848892e/_next/static/media/PropertyPalLogo@3x.c8a03f97.png,3 Bed Detached House,78,"Woodview Crescent,",Lisburn, BT28 1LF,"Offers around£215,000",Detached House,3,,1,Oil,D59/D59,,For sale,2023-05-21 17:57:19.019316
787497,"240 Moira Road,",445000,https://www.propertypal.com/240-moira-road-lisburn/787497,/_static/3d75ac11dde0090594eb87d4b294a48c6848892e/_next/static/media/PropertyPalLogo@3x.c8a03f97.png,5 Bed Detached House,240,"Moira Road,",Lisburn, BT28 2TU,"Offers around£445,000",Detached House,5,,3,Oil,E49/D65,,For sale,2023-05-21 17:57:20.858861
831940,"42 Lady Wallace Gardens,",210000,https://www.propertypal.com/42-lady-wallace-gardens-thaxton-village-lisburn/831940,/_static/3d75ac11dde0090594eb87d4b294a48c6848892e/_next/static/media/PropertyPalLogo@3x.c8a03f97.png,3 Bed Semi-detached House,42,"Lady Wallace Gardens,", Lisburn, BT28 3GW,"Offers around£210,000",Semi-detached House,3,,1,Gas,C77/C78,,For sale,2023-05-21 17:57:17.643681
826896,"20 Millbrook Road,",98500,https://www.propertypal.com/20-millbrook-road-lisburn/826896,/_static/3d75ac11dde0090594eb87d4b294a48c6848892e/_next/static/media/PropertyPalLogo@3x.c8a03f97.png,2 Bed End-Terraced House and Land,20,"Millbrook Road,",Lisburn, BT27 4XN,"Price£98,500",End-Terraced House and Land,2,1,1,Oil,E48/B83,,Under offer,2023-05-21 17:57:19.926279
830451,"5 Meadow Lane,",199950,https://www.propertypal.com/5-meadow-lane-magheralave-meadows-lisburn/830451,/_static/3d75ac11dde0090594eb87d4b294a48c6848892e/_next/static/media/PropertyPalLogo@3x.c8a03f97.png,3 Bed Semi-detached House,5,"Meadow Lane,", Lisburn, BT28 3RL,"Offers around£199,950",Semi-detached House,3,2,1,,C77/C77,,For sale,2023-05-21 17:57:20.583233
830406,"D1, Woodbrook,",,https://www.propertypal.com/d1-woodbrook-ballinderry-road-lisburn/830406,/_static/3d75ac11dde0090594eb87d4b294a48c6848892e/_next/static/media/PropertyPalLogo@3x.c8a03f97.png,3 Bed Semi-detached House,1,D,Ballinderry Road, Lisburn,Coming Soon,Semi-detached House,3,2,1,Gas,,,Coming Soon,2023-05-21 17:57:17.035626
829338,"19 Ashgrove Park,",119950,https://www.propertypal.com/19-ashgrove-park-lisburn/829338,/_static/3d75ac11dde0090594eb87d4b294a48c6848892e/_next/static/media/PropertyPalLogo@3x.c8a03f97.png,3 Bed Semi-detached House,19,"Ashgrove Park,",Lisburn, BT28 1HU,"Asking price£119,950",Semi-detached House,3,,1,Oil,F28/E44,,For sale,2023-05-21 17:57:22.478941
557655,"The Abbot, The Wallace Gardens,",280000,https://www.propertypal.com/the-abbot-the-wallace-gardens-thaxton-village-lisburn/557655,/_static/3d75ac11dde0090594eb87d4b294a48c6848892e/_next/static/media/PropertyPalLogo@3x.c8a03f97.png,4 Bed Semi-detached House (4 homes),,"The Abbot, The Wallace Gardens,", Lisburn, BT28 3HZ,"Price£280,000",Semi-detached House,4,,2,Gas,,,For sale,2023-05-21 17:57:22.924894
830349,"26 Kensington Park,",149950,https://www.propertypal.com/26-kensington-park-lisburn/830349,/_static/3d75ac11dde0090594eb87d4b294a48c6848892e/_next/static/media/PropertyPalLogo@3x.c8a03f97.png,3 Bed Semi-detached House,26,"Kensington Park,",Lisburn, BT27 5HG,"Offers around£149,950",Semi-detached House,3,,,,,,For sale,2023-05-21 17:57:23.263629
717798,"The Hepworth, The Wallace Gardens,",235000,https://www.propertypal.com/the-hepworth-the-wallace-gardens-thaxton-village-lisburn/717798,/_static/3d75ac11dde0090594eb87d4b294a48c6848892e/_next/static/media/PropertyPalLogo@3x.c8a03f97.png,3 Bed Semi-detached House (4 homes),,"The Hepworth, The Wallace Gardens,", Lisburn, BT28 3HZ,"Price£235,000",Semi-detached House,3,3,1,Gas,,,For sale,2023-05-21 17:57:23.580526
830357,"4 Ayrshire Crescent,",209950,https://www.propertypal.com/4-ayrshire-crescent-brokerstown-road-lisburn/830357,/_static/3d75ac11dde0090594eb87d4b294a48c6848892e/_next/static/media/PropertyPalLogo@3x.c8a03f97.png,4 Bed Townhouse,4,"Ayrshire Crescent,", Lisburn, BT28 2YF,"Offers around£209,950",Townhouse,4,,1,Gas,C78/C78,,For sale,2023-05-21 17:57:23.868308
829492,"The Haw, 9D Magheralave Road,",595000,https://www.propertypal.com/the-haw-9d-magheralave-road-lisburn/829492,/_static/3d75ac11dde0090594eb87d4b294a48c6848892e/_next/static/media/PropertyPalLogo@3x.c8a03f97.png,5 Bed Detached House,9,"The Haw,",Lisburn, BT28 3BE,"Offers around£595,000",Detached House,5,,3,Oil,D66/C72,,For sale,2023-05-21 17:57:24.148197
828958,"30 Clonmore Park,",195000,https://www.propertypal.com/30-clonmore-park-lisburn/828958,/_static/3d75ac11dde0090594eb87d4b294a48c6848892e/_next/static/media/PropertyPalLogo@3x.c8a03f97.png,2 Bed Detached Bungalow,30,"Clonmore Park,",Lisburn, BT27 4EU,"Offers over£195,000",Detached Bungalow,2,,1,Oil,E52/D61,,For sale,2023-05-21 17:57:24.407634
590694,"The Westbury, The Wallace Gardens,",242500,https://www.propertypal.com/the-westbury-the-wallace-gardens-thaxton-village-lisburn/590694,/_static/3d75ac11dde0090594eb87d4b294a48c6848892e/_next/static/media/PropertyPalLogo@3x.c8a03f97.png,3 Bed Semi-detached House (3 homes),,"The Westbury, The Wallace Gardens,", Lisburn, BT28 3ZH,"Asking price£242,500",Semi-detached House,3,3,1,Gas,,,For sale,2023-05-21 17:57:24.745652
829383,"2 Lisnastrean Road & 108 Saintfield Road,",,https://www.propertypal.com/2-lisnastrean-road-108-saintfield-road-lisburn/829383,/_static/3d75ac11dde0090594eb87d4b294a48c6848892e/_next/static/media/PropertyPalLogo@3x.c8a03f97.png,6 Bed Detached House,2,Lisnastrean Road &,Lisburn, BT27 5PB,POA,Detached House,6,3,3,Oil,D68/C75,,For sale,2023-05-21 17:57:25.081543
752998,"Emoyeni, 227 Ballylesson Road,",775000,https://www.propertypal.com/emoyeni-227-ballylesson-road-drumbo-lisburn/752998,/_static/3d75ac11dde0090594eb87d4b294a48c6848892e/_next/static/media/PropertyPalLogo@3x.c8a03f97.png,5 Bed Detached House,227,"Emoyeni,", Lisburn, BT27 5TS,"Offers over£775,000",Detached House,5,,4,Oil,F37/D62,,For sale,2023-05-21 17:57:25.470906
804550,"17 Lady Wallace Road,",205950,https://www.propertypal.com/17-lady-wallace-road-lisburn/804550,/_static/3d75ac11dde0090594eb87d4b294a48c6848892e/_next/static/media/PropertyPalLogo@3x.c8a03f97.png,3 Bed Detached House,17,"Lady Wallace Road,",Lisburn, BT28 3WS,"Price£205,950",Detached House,3,2,1,Gas,EPC -PDF (61kb),,For sale,2023-05-21 17:57:25.737647
829481,"57 Richmond Court,",400000,https://www.propertypal.com/57-richmond-court-lisburn/829481,/_static/3d75ac11dde0090594eb87d4b294a48c6848892e/_next/static/media/PropertyPalLogo@3x.c8a03f97.png,4 Bed Detached House,57,"Richmond Court,",Lisburn, BT27 4QX,"Offers around£400,000",Detached House,4,2,2,Oil,E50,,For sale,2023-05-21 17:57:26.012425
828834,"7 Aberdelghy Park,",200000,https://www.propertypal.com/7-aberdelghy-park-lambeg-lisburn/828834,/_static/3d75ac11dde0090594eb87d4b294a48c6848892e/_next/static/media/PropertyPalLogo@3x.c8a03f97.png,3 Bed Detached Bungalow,7,"Aberdelghy Park,", Lisburn, BT27 4QF,"Offers over£200,000",Detached Bungalow,3,,2,Oil,F28/E44,,For sale,2023-05-21 17:57:27.547757
827432,"7 Ryanscourt,",284950,https://www.propertypal.com/7-ryanscourt-hillsborough-old-road-lisburn/827432,/_static/3d75ac11dde0090594eb87d4b294a48c6848892e/_next/static/media/PropertyPalLogo@3x.c8a03f97.png,4 Bed Detached House,7,"Ryanscourt,", Lisburn, BT27 5AE,"Offers around£284,950",Detached House,4,2,3,,C76/C78,,For sale,2023-05-21 17:57:27.836529
802729,"5 Corby Drive,",239950,https://www.propertypal.com/5-corby-drive-lisburn/802729,/_static/3d75ac11dde0090594eb87d4b294a48c6848892e/_next/static/media/PropertyPalLogo@3x.c8a03f97.png,3 Bed Detached Bungalow,5,"Corby Drive,",Lisburn, BT28 3HG,"Offers around£239,950",Detached Bungalow,3,1,1,,E48/D63,,For sale,2023-05-21 17:57:28.145467
762072,"15 Monaville Close,",229500,https://www.propertypal.com/15-monaville-close-off-antrim-road-lisburn/762072,/_static/3d75ac11dde0090594eb87d4b294a48c6848892e/_next/static/media/PropertyPalLogo@3x.c8a03f97.png,3 Bed Detached Bungalow,15,"Monaville Close,", Lisburn, BT28 2DG,"Offers around£229,500",Detached Bungalow,3,,1,Gas,E48/D60,,For sale,2023-05-21 17:57:28.430969
826819,"93 Ballymacash Road,",149950,https://www.propertypal.com/93-ballymacash-road-lisburn/826819,/_static/3d75ac11dde0090594eb87d4b294a48c6848892e/_next/static/media/PropertyPalLogo@3x.c8a03f97.png,3 Bed Semi-detached House,93,"Ballymacash Road,",Lisburn, BT28 3ES,"Offers around£149,950",Semi-detached House,3,1,1,,EPC -PDF (127kb),,For sale,2023-05-21 17:57:28.709210
827125,"40 Causeway Meadows,",209950,https://www.propertypal.com/40-causeway-meadows-lisburn/827125,/_static/3d75ac11dde0090594eb87d4b294a48c6848892e/_next/static/media/PropertyPalLogo@3x.c8a03f97.png,4 Bed Semi-detached House,40,"Causeway Meadows,",Lisburn, BT28 2GD,"Offers around£209,950",Semi-detached House,4,2,1,,EPC,,For sale,2023-05-21 17:57:29.122695
828922,"17 Woodbrook Green,",127500,https://www.propertypal.com/17-woodbrook-green-lisburn/828922,/_static/3d75ac11dde0090594eb87d4b294a48c6848892e/_next/static/media/PropertyPalLogo@3x.c8a03f97.png,2 Bed Apartment,17,"Woodbrook Green,",Lisburn, BT28 2ZJ,"Offers around£127,500",Apartment,2,1,1,,B81/B81,,For sale,2023-05-21 17:57:29.389377
827059,"6 Barnfield Grange,",154950,https://www.propertypal.com/6-barnfield-grange-lisburn/827059,/_static/3d75ac11dde0090594eb87d4b294a48c6848892e/_next/static/media/PropertyPalLogo@3x.c8a03f97.png,3 Bed Semi-detached House,6,"Barnfield Grange,",Lisburn, BT28 3RS,"Price£154,950",Semi-detached House,3,1,1,,D65/C73,,For sale,2023-05-21 17:57:29.699207
815688,"142 Moira Road,",109950,https://www.propertypal.com/142-moira-road-lisburn/815688,/_static/3d75ac11dde0090594eb87d4b294a48c6848892e/_next/static/media/PropertyPalLogo@3x.c8a03f97.png,3 Bed Mid-terrace House,142,"Moira Road,",Lisburn, BT28 1RP,"Offers around£109,950",Mid-terrace House,3,1,2,,EPC Rating Graph,,For sale,2023-05-21 17:57:29.960018
827369,"147 Killowen Grange,",139950,https://www.propertypal.com/147-killowen-grange-lisburn/827369,/_static/3d75ac11dde0090594eb87d4b294a48c6848892e/_next/static/media/PropertyPalLogo@3x.c8a03f97.png,3 Bed Semi-detached House,147,"Killowen Grange,",Lisburn, BT28 3JE,"Offers around£139,950",Semi-detached House,3,1,2,Oil,E53/D59,,For sale,2023-05-21 17:57:30.330432
828930,"2 Tower View,",445000,https://www.propertypal.com/2-tower-view-creevy-road-lisburn/828930,/_static/3d75ac11dde0090594eb87d4b294a48c6848892e/_next/static/media/PropertyPalLogo@3x.c8a03f97.png,3 Bed Detached House,2,"Tower View,", Lisburn, BT27 6UY,"Offers over£445,000",Detached House,3,,3,Oil,E44/E50,,For sale,2023-05-21 17:57:30.624088
704671,"New Build, Between, 206 - 208 Hillhall Road,",1100000,https://www.propertypal.com/new-build-between-206-208-hillhall-road-lisburn/704671,/_static/3d75ac11dde0090594eb87d4b294a48c6848892e/_next/static/media/PropertyPalLogo@3x.c8a03f97.png,5 Bed Detached House,206,"New Build, Between,",Lisburn, BT27 5JA,"Asking price£1,100,000",Detached House,5,6,4,Oil,EE Rating,,For sale,2023-05-21 17:57:30.901251
820556,"54 Magheralave Meadows,",269950,https://www.propertypal.com/54-magheralave-meadows-lisburn/820556,/_static/3d75ac11dde0090594eb87d4b294a48c6848892e/_next/static/media/PropertyPalLogo@3x.c8a03f97.png,3 Bed Detached House,54,"Magheralave Meadows,",Lisburn, BT28 3NT,"Offers around£269,950",Detached House,3,2,1,,EPC Rating Graph,,For sale,2023-05-21 17:57:32.931929
826330,"44 Hertford Crescent,",99950,https://www.propertypal.com/44-hertford-crescent-lisburn/826330,/_static/3d75ac11dde0090594eb87d4b294a48c6848892e/_next/static/media/PropertyPalLogo@3x.c8a03f97.png,3 Bed Terrace House,44,"Hertford Crescent,",Lisburn, BT28 1SP,"Offers around£99,950",Terrace House,3,1,1,,E44/C73,,For sale,2023-05-21 17:57:33.324210
826258,"29 Plantation Avenue,",275000,https://www.propertypal.com/29-plantation-avenue-lisburn/826258,/_static/3d75ac11dde0090594eb87d4b294a48c6848892e/_next/static/media/PropertyPalLogo@3x.c8a03f97.png,4 Bed Semi-detached House,29,"Plantation Avenue,",Lisburn, BT27 5BL,"Offers around£275,000",Semi-detached House,4,,3,Oil,D66/D68,,For sale,2023-05-21 17:57:33.660262
826151,"5 Monaville Park,",164950,https://www.propertypal.com/5-monaville-park-lisburn/826151,/_static/3d75ac11dde0090594eb87d4b294a48c6848892e/_next/static/media/PropertyPalLogo@3x.c8a03f97.png,3 Bed Semi-detached House,5,"Monaville Park,",Lisburn, BT28 2DQ,"Offers around£164,950",Semi-detached House,3,1,1,,EPC Rating Graph,,For sale,2023-05-21 17:57:33.973211
826742,"3 Aldervale,",149950,https://www.propertypal.com/3-aldervale-moira-road-lisburn/826742,/_static/3d75ac11dde0090594eb87d4b294a48c6848892e/_next/static/media/PropertyPalLogo@3x.c8a03f97.png,3 Bed Terrace House,3,"Aldervale,", Lisburn, BT28 1RN,"Offers around£149,950",Terrace House,3,1,2,,E41/C69,,For sale,2023-05-21 17:57:34.239276
811821,"5 Gravelhill Grove,",242500,https://www.propertypal.com/5-gravelhill-grove-lisburn/811821,/_static/3d75ac11dde0090594eb87d4b294a48c6848892e/_next/static/media/PropertyPalLogo@3x.c8a03f97.png,4 Bed Detached House,5,"Gravelhill Grove,",Lisburn, BT28 2SH,"Offers around£242,500",Detached House,4,2,2,,EPC Rating Graph,,For sale,2023-05-21 17:57:34.519901
751110,"14 Lurganure Road,",75000,https://www.propertypal.com/14-lurganure-road-maze-lisburn/751110,/_static/3d75ac11dde0090594eb87d4b294a48c6848892e/_next/static/media/PropertyPalLogo@3x.c8a03f97.png,2 Bed Cottage,14,"Lurganure Road,", Lisburn, BT28 2TS,"Price£75,000",Cottage,2,,1,Oil,F32/D58,,For sale,2023-05-21 17:57:34.792278
784325,"Lime Trees, 10 Drumbo Road,",1295000,https://www.propertypal.com/lime-trees-10-drumbo-road-lisburn/784325,/_static/3d75ac11dde0090594eb87d4b294a48c6848892e/_next/static/media/PropertyPalLogo@3x.c8a03f97.png,4 Bed Detached House,10,"Lime Trees,",Lisburn, BT27 5TX,"Asking price£1,295,000",Detached House,4,,3,Oil,C80/C80,,For sale,2023-05-21 17:57:35.079403
826291,"9 Keightly Court,",135000,https://www.propertypal.com/9-keightly-court-hillsborough-road-lisburn/826291,/_static/3d75ac11dde0090594eb87d4b294a48c6848892e/_next/static/media/PropertyPalLogo@3x.c8a03f97.png,2 Bed 2nd Floor Apartment,9,"Keightly Court,", Lisburn, BT28 1BA,"Asking price£135,000",2nd Floor Apartment,2,2,1,Gas,D67/C74,,For sale,2023-05-21 17:57:35.340522
824923,"34 Woodbrook Avenue,",122500,https://www.propertypal.com/34-woodbrook-avenue-lisburn/824923,/_static/3d75ac11dde0090594eb87d4b294a48c6848892e/_next/static/media/PropertyPalLogo@3x.c8a03f97.png,2 Bed Apartment,34,"Woodbrook Avenue,",Lisburn, BT28 2ZG,"Price£122,500",Apartment,2,1,1,Gas,EPC -PDF (61kb),,For sale,2023-05-21 17:57:35.622632
786003,"2 Laganvale,",329950,https://www.propertypal.com/2-laganvale-lurganure-road-lisburn/786003,/_static/3d75ac11dde0090594eb87d4b294a48c6848892e/_next/static/media/PropertyPalLogo@3x.c8a03f97.png,4 Bed Detached House,2,"Laganvale,", Lisburn, BT28 2XA,"Offers around£329,950",Detached House,4,2,3,Oil,D62/D65,,For sale,2023-05-21 17:57:35.899696
825507,"33 Sir Richard Wallace Road,",179950,https://www.propertypal.com/33-sir-richard-wallace-road-lisburn/825507,/_static/3d75ac11dde0090594eb87d4b294a48c6848892e/_next/static/media/PropertyPalLogo@3x.c8a03f97.png,3 Bed Townhouse,33,"Sir Richard Wallace Road,",Lisburn, BT28 3ZH,"Offers around£179,950",Townhouse,3,3,1,Gas,C78/C78,,For sale,2023-05-21 17:57:36.236258
822403,"FOR SALE: SMALLHOLDING, 33 Lisnoe Road,",495000,https://www.propertypal.com/for-sale-smallholding-33-lisnoe-road-lisburn/822403,/_static/3d75ac11dde0090594eb87d4b294a48c6848892e/_next/static/media/PropertyPalLogo@3x.c8a03f97.png,Detached House,33,"FOR SALE: SMALLHOLDING,",Lisburn, BT27 5LT,"Offers around£495,000",Detached House,,,,,G1/G1,,For sale,2023-05-21 17:57:37.783463
824658,"120 Pond Park Road,",425000,https://www.propertypal.com/120-pond-park-road-lisburn/824658,/_static/3d75ac11dde0090594eb87d4b294a48c6848892e/_next/static/media/PropertyPalLogo@3x.c8a03f97.png,5 Bed Detached House,120,"Pond Park Road,",Lisburn, BT28 3RE,"Offers around£425,000",Detached House,5,,3,Gas,D64/D68,,For sale,2023-05-21 17:57:38.051373
824680,"2 Rosevale Meadows,",160000,https://www.propertypal.com/2-rosevale-meadows-lisburn/824680,/_static/3d75ac11dde0090594eb87d4b294a48c6848892e/_next/static/media/PropertyPalLogo@3x.c8a03f97.png,3 Bed Detached House,2,"Rosevale Meadows,",Lisburn, BT28 1JF,"Price£160,000",Detached House,3,,1,Oil,,,For sale,2023-05-21 17:57:38.329329
811782,"4 Breton View,",450000,https://www.propertypal.com/4-breton-view-lisburn/811782,/_static/3d75ac11dde0090594eb87d4b294a48c6848892e/_next/static/media/PropertyPalLogo@3x.c8a03f97.png,4 Bed Detached House,4,"Breton View,",Lisburn, BT28 3YF,"Price£450,000",Detached House,4,2,3,,EPC -PDF (62kb),,For sale,2023-05-21 17:57:38.596247
824507,"39 Lisburn Square,",119950,https://www.propertypal.com/39-lisburn-square-lisburn/824507,/_static/3d75ac11dde0090594eb87d4b294a48c6848892e/_next/static/media/PropertyPalLogo@3x.c8a03f97.png,1 Bed Apartment,39,"Lisburn Square,",Lisburn, BT28 1TS,"Offers around£119,950",Apartment,1,,1,Gas,B82/B82,,For sale,2023-05-21 17:57:38.906521
822933,"14 Down Royal,",165000,https://www.propertypal.com/14-down-royal-gravelhill-road-lisburn/822933,/_static/3d75ac11dde0090594eb87d4b294a48c6848892e/_next/static/media/PropertyPalLogo@3x.c8a03f97.png,3 Bed Semi-detached House,14,"Down Royal,", Lisburn, BT28 2TX,"Offers around£165,000",Semi-detached House,3,,2,Oil,E50/C71,,For sale,2023-05-21 17:57:39.250636
824682,"8 Richmond Avenue,",235000,https://www.propertypal.com/8-richmond-avenue-lisburn/824682,/_static/3d75ac11dde0090594eb87d4b294a48c6848892e/_next/static/media/PropertyPalLogo@3x.c8a03f97.png,3 Bed Detached Bungalow,8,"Richmond Avenue,",Lisburn, BT28 2DL,"Offers around£235,000",Detached Bungalow,3,2,2,,EPC Rating Graph,,For sale,2023-05-21 17:57:39.528460
824595,"56 Drumbo Road,",375000,https://www.propertypal.com/56-drumbo-road-drumbo-lisburn/824595,/_static/3d75ac11dde0090594eb87d4b294a48c6848892e/_next/static/media/PropertyPalLogo@3x.c8a03f97.png,3 Bed Detached Bungalow,56,"Drumbo Road,", Lisburn, BT27 5TX,"Offers over£375,000",Detached Bungalow,3,,2,Oil,D56/D64,,For sale,2023-05-21 17:57:39.809623
822890,"93 Causeway Meadows,",209950,https://www.propertypal.com/93-causeway-meadows-lisburn/822890,/_static/3d75ac11dde0090594eb87d4b294a48c6848892e/_next/static/media/PropertyPalLogo@3x.c8a03f97.png,4 Bed Semi-detached House,93,"Causeway Meadows,",Lisburn, BT28 2GE,"Offers around£209,950",Semi-detached House,4,2,2,,EPC Rating Graph,,For sale,2023-05-21 17:57:40.065740
824073,"10 Lady Wallace Walk,",199950,https://www.propertypal.com/10-lady-wallace-walk-lisburn/824073,/_static/3d75ac11dde0090594eb87d4b294a48c6848892e/_next/static/media/PropertyPalLogo@3x.c8a03f97.png,2 Bed Detached House,10,"Lady Wallace Walk,",Lisburn, BT28 3GY,"Offers over£199,950",Detached House,2,,2,Gas,C72/C74,,For sale,2023-05-21 17:57:40.336628
824014,"24a Rock Road,",325000,https://www.propertypal.com/24a-rock-road-stoneyford-lisburn/824014,/_static/3d75ac11dde0090594eb87d4b294a48c6848892e/_next/static/media/PropertyPalLogo@3x.c8a03f97.png,5 Bed Semi-detached House,24,"a Rock Road,", Lisburn, BT28 3XR,"Offers around£325,000",Semi-detached House,5,2,2,,D66/D68,,For sale,2023-05-21 17:57:40.713230
808028,"11 Belsize Crescent,",275000,https://www.propertypal.com/11-belsize-crescent-lisburn/808028,/_static/3d75ac11dde0090594eb87d4b294a48c6848892e/_next/static/media/PropertyPalLogo@3x.c8a03f97.png,5 Bed Townhouse,11,"Belsize Crescent,",Lisburn, BT27 4DL,"Offers around£275,000",Townhouse,5,1,1,,C79/C79,,For sale,2023-05-21 17:57:40.998839
821192,"8 The Homestead,",235000,https://www.propertypal.com/8-the-homestead-drumbeg-lisburn/821192,/_static/3d75ac11dde0090594eb87d4b294a48c6848892e/_next/static/media/PropertyPalLogo@3x.c8a03f97.png,4 Bed Semi-detached House,8,"The Homestead,", Lisburn, BT27 5WB,"Offers over£235,000",Semi-detached House,4,2,1,,D67/C72,,For sale,2023-05-21 17:57:42.626752
818014,"34 Portmore Lea,",180000,https://www.propertypal.com/34-portmore-lea-lower-ballinderry-antrim/818014,/_static/3d75ac11dde0090594eb87d4b294a48c6848892e/_next/static/media/PropertyPalLogo@3x.c8a03f97.png,5 Bed Semi-detached Chalet Bungalow,34,"Portmore Lea,", Antrim, BT28 2LX,"Offers around£180,000",Semi-detached Chalet Bungalow,5,,1,Oil,E54/D66,,For sale,2023-05-21 17:57:42.910266
820278,"4 Riverdale Road,",249950,https://www.propertypal.com/4-riverdale-road-ballinderry-upper-lisburn/820278,/_static/3d75ac11dde0090594eb87d4b294a48c6848892e/_next/static/media/PropertyPalLogo@3x.c8a03f97.png,3 Bed Detached Bungalow,4,"Riverdale Road,", Lisburn, BT28 2LN,"Offers around£249,950",Detached Bungalow,3,1,2,Oil,F34/F35,,For sale,2023-05-21 17:57:43.400937
817891,"Mourne Lodge, Carnbane Road,",795000,https://www.propertypal.com/mourne-lodge-carnbane-road-lisburn/817891,/_static/3d75ac11dde0090594eb87d4b294a48c6848892e/_next/static/media/PropertyPalLogo@3x.c8a03f97.png,EXCEPTIONAL NEW BUILD HOME,,"Mourne Lodge, Carnbane Road,",Lisburn, BT27 5NG,"Asking price£795,000",Detached with garage,4,4,3,Oil,,,For sale,2023-05-21 17:57:43.674282
820026,"54 Hertford Crescent,",99950,https://www.propertypal.com/54-hertford-crescent-lisburn/820026,/_static/3d75ac11dde0090594eb87d4b294a48c6848892e/_next/static/media/PropertyPalLogo@3x.c8a03f97.png,3 Bed Terrace House,54,"Hertford Crescent,",Lisburn, BT28 1SQ,"Offers around£99,950",Terrace House,3,,1,Oil,F32/D63,,For sale,2023-05-21 17:57:43.938982
820095,"9a Pothill Lane,",450000,https://www.propertypal.com/9a-pothill-lane-lisburn/820095,/_static/3d75ac11dde0090594eb87d4b294a48c6848892e/_next/static/media/PropertyPalLogo@3x.c8a03f97.png,5 Bed Detached House,9,"a Pothill Lane,",Lisburn, BT27 6TJ,"Offers around£450,000",Detached House,5,,2,Oil,B86/B86,,For sale,2023-05-21 17:57:44.219538
803586,"76 Ballantine Gardens,",294950,https://www.propertypal.com/76-ballantine-gardens-lisburn/803586,/_static/3d75ac11dde0090594eb87d4b294a48c6848892e/_next/static/media/PropertyPalLogo@3x.c8a03f97.png,4 Bed Townhouse,76,"Ballantine Gardens,",Lisburn, BT27 5FJ,"Offers around£294,950",Townhouse,4,1,2,,C78/C78,,For sale,2023-05-21 17:57:44.485318
817514,"103 Hilden Court,",125000,https://www.propertypal.com/103-hilden-court-lisburn/817514,/_static/3d75ac11dde0090594eb87d4b294a48c6848892e/_next/static/media/PropertyPalLogo@3x.c8a03f97.png,2 Bed Townhouse,103,"Hilden Court,",Lisburn, BT27 4YL,"Offers around£125,000",Townhouse,2,1,1,,D65/C75,,For sale,2023-05-21 17:57:44.776743
820593,"22 Mayfields,",279950,https://www.propertypal.com/22-mayfields-lisburn/820593,/_static/3d75ac11dde0090594eb87d4b294a48c6848892e/_next/static/media/PropertyPalLogo@3x.c8a03f97.png,4 Bed Detached with garage,22,"Mayfields,",Lisburn, BT28 3RP,"Offers over£279,950",Detached with garage,4,2,3,Oil,E47/D61,,For sale,2023-05-21 17:57:45.102485
821165,"18 Benford Park,",184950,https://www.propertypal.com/18-benford-park-lisburn/821165,/_static/3d75ac11dde0090594eb87d4b294a48c6848892e/_next/static/media/PropertyPalLogo@3x.c8a03f97.png,3 Bed Detached House,18,"Benford Park,",Lisburn, BT27 5HL,"Offers around£184,950",Detached House,3,1,1,,D57/D59,,For sale,2023-05-21 17:57:45.509772
817960,"23 Cloverhill Avenue,",179950,https://www.propertypal.com/23-cloverhill-avenue-lisburn/817960,/_static/3d75ac11dde0090594eb87d4b294a48c6848892e/_next/static/media/PropertyPalLogo@3x.c8a03f97.png,3 Bed Semi-detached House,23,"Cloverhill Avenue,",Lisburn, BT27 5HW,"Offers over£179,950",Semi-detached House,3,,3,Oil,G17/F28,,For sale,2023-05-21 17:57:45.796850
820081,"15 Carntogher Road,",114950,https://www.propertypal.com/15-carntogher-road-longstone-street-lisburn/820081,/_static/3d75ac11dde0090594eb87d4b294a48c6848892e/_next/static/media/PropertyPalLogo@3x.c8a03f97.png,3 Bed End-terrace House,15,"Carntogher Road,", Lisburn, BT28 1DL,"Offers over£114,950",End-terrace House,3,,1,Oil,E54/D64,,For sale,2023-05-21 17:57:46.051431
814822,"Apartment 4, Mayfield,",,https://www.propertypal.com/apartment-4-mayfield-magheralave-road-lisburn/814822,/_static/3d75ac11dde0090594eb87d4b294a48c6848892e/_next/static/media/PropertyPalLogo@3x.c8a03f97.png,2 Bed Ground Floor Apartment,4,Apartment, Lisburn, BT28 3NL,On Release,Ground Floor Apartment,2,2,1,Gas,,,On Release,2023-05-21 17:57:47.627873
816616,"3 Tynedale Park,",229950,https://www.propertypal.com/3-tynedale-park-lisburn/816616,/_static/3d75ac11dde0090594eb87d4b294a48c6848892e/_next/static/media/PropertyPalLogo@3x.c8a03f97.png,3 Bed Detached Bungalow,3,"Tynedale Park,",Lisburn, BT28 3JU,"Offers around£229,950",Detached Bungalow,3,1,1,,D62/D67,,For sale,2023-05-21 17:57:47.962913
817486,"7 Millvale,",159950,https://www.propertypal.com/7-millvale-ballinderry-lower-lisburn/817486,/_static/3d75ac11dde0090594eb87d4b294a48c6848892e/_next/static/media/PropertyPalLogo@3x.c8a03f97.png,3 Bed Semi-detached Villa,7,"Millvale,", Lisburn, BT28 2FA,"Asking price£159,950",Semi-detached Villa,3,2,2,Oil,D63/C71,,For sale,2023-05-21 17:57:48.252075
816089,"5a Sandown Park,",210000,https://www.propertypal.com/5a-sandown-park-causeway-end-road-lisburn/816089,/_static/3d75ac11dde0090594eb87d4b294a48c6848892e/_next/static/media/PropertyPalLogo@3x.c8a03f97.png,3 Bed Detached House,5,"a Sandown Park,", Lisburn, BT28 2EN,"Price£210,000",Detached House,3,2,1,,EPC -PDF (124kb),,For sale,2023-05-21 17:57:48.573543
805406,"2 Parkmount,",650000,https://www.propertypal.com/2-parkmount-lisburn/805406,/_static/3d75ac11dde0090594eb87d4b294a48c6848892e/_next/static/media/PropertyPalLogo@3x.c8a03f97.png,5 Bed Townhouse,2,"Parkmount,",Lisburn, BT27 4AN,"Offers over£650,000",Townhouse,5,,3,,D56/D59,,For sale,2023-05-21 17:57:48.837156
816912,"46 Drumbo Road,",1600000,https://www.propertypal.com/46-drumbo-road-drumbo-lisburn/816912,/_static/3d75ac11dde0090594eb87d4b294a48c6848892e/_next/static/media/PropertyPalLogo@3x.c8a03f97.png,5 Bed Detached House,46,"Drumbo Road,", Lisburn, BT27 5TX,"Asking price£1,600,000",Detached House,5,,4,,,,For sale,2023-05-21 17:57:49.283852
815528,"30 Beechfield Mews,",99950,https://www.propertypal.com/30-beechfield-mews-lisburn/815528,/_static/3d75ac11dde0090594eb87d4b294a48c6848892e/_next/static/media/PropertyPalLogo@3x.c8a03f97.png,1 Bed Apartment,30,"Beechfield Mews,",Lisburn, BT28 1NR,"Price£99,950",Apartment,1,1,1,,EPC -PDF (61kb),,For sale,2023-05-21 17:57:49.556564
815292,"29 Clonevin Park,",449950,https://www.propertypal.com/29-clonevin-park-lisburn/815292,/_static/3d75ac11dde0090594eb87d4b294a48c6848892e/_next/static/media/PropertyPalLogo@3x.c8a03f97.png,4 Bed Detached House,29,"Clonevin Park,",Lisburn, BT28 3BJ,"Offers around£449,950",Detached House,4,4,2,,B83/B83,,For sale,2023-05-21 17:57:49.870532
806915,"66 Glenwood Court,",194950,https://www.propertypal.com/66-glenwood-court-lisburn/806915,/_static/3d75ac11dde0090594eb87d4b294a48c6848892e/_next/static/media/PropertyPalLogo@3x.c8a03f97.png,3 Bed Detached House,66,"Glenwood Court,",Lisburn, BT28 3UD,"Offers around£194,950",Detached House,3,1,1,,EPC Rating Graph,,For sale,2023-05-21 17:57:50.138277
815652,"102 Grand Street,",89950,https://www.propertypal.com/102-grand-street-lisburn/815652,/_static/3d75ac11dde0090594eb87d4b294a48c6848892e/_next/static/media/PropertyPalLogo@3x.c8a03f97.png,2 Bed Terrace House,102,"Grand Street,",Lisburn, BT27 4UE,"Offers around£89,950",Terrace House,2,,1,Gas,D64/C69,,For sale,2023-05-21 17:57:50.426780
786459,"19 Lester Avenue,",259950,https://www.propertypal.com/19-lester-avenue-off-belsize-road-lisburn/786459,/_static/3d75ac11dde0090594eb87d4b294a48c6848892e/_next/static/media/PropertyPalLogo@3x.c8a03f97.png,3 Bed Detached House,19,"Lester Avenue,", Lisburn, BT28 3QD,"Offers around£259,950",Detached House,3,,2,Gas,D63/C70,,For sale,2023-05-21 17:57:50.721309
778226,"15 Berkeley Hall Court,",169950,https://www.propertypal.com/15-berkeley-hall-court-off-saintfield-road-lisburn/778226,/_static/3d75ac11dde0090594eb87d4b294a48c6848892e/_next/static/media/PropertyPalLogo@3x.c8a03f97.png,2 Bed Apartment,15,"Berkeley Hall Court,", Lisburn, BT27 5QX,"Offers around£169,950",Apartment,2,,1,Gas,C74/C75,,For sale,2023-05-21 17:57:51.037751
812717,"119 Ballantine Gardens,",310000,https://www.propertypal.com/119-ballantine-gardens-lisburn/812717,/_static/3d75ac11dde0090594eb87d4b294a48c6848892e/_next/static/media/PropertyPalLogo@3x.c8a03f97.png,4 Bed Detached House,119,"Ballantine Gardens,",Lisburn, BT27 5FJ,"Offers around£310,000",Detached House,4,,1,Gas,C79/C79,,For sale,2023-05-21 17:57:52.673128
814603,"39 Ashbourne Park,",189950,https://www.propertypal.com/39-ashbourne-park-lambeg-lisburn/814603,/_static/3d75ac11dde0090594eb87d4b294a48c6848892e/_next/static/media/PropertyPalLogo@3x.c8a03f97.png,3 Bed Semi-detached House,39,"Ashbourne Park,", Lisburn, BT27 4NS,"Offers around£189,950",Semi-detached House,3,1,1,,E47/D66,,For sale,2023-05-21 17:57:52.938630
812089,"33 Waterside,",99950,https://www.propertypal.com/33-waterside-lisburn/812089,/_static/3d75ac11dde0090594eb87d4b294a48c6848892e/_next/static/media/PropertyPalLogo@3x.c8a03f97.png,3 Bed Terrace House,33,"Waterside,",Lisburn, BT28 1YH,"Offers over£99,950",Terrace House,3,,2,Oil,D58/D64,,For sale,2023-05-21 17:57:53.243194
814094,"53 Glenbrae,",249950,https://www.propertypal.com/53-glenbrae-lisburn/814094,/_static/3d75ac11dde0090594eb87d4b294a48c6848892e/_next/static/media/PropertyPalLogo@3x.c8a03f97.png,4 Bed Detached House,53,"Glenbrae,",Lisburn, BT28 2YJ,"Offers around£249,950",Detached House,4,,2,Oil,D67/D67,,For sale,2023-05-21 17:57:53.530572
814184,"13 Thornleigh Close,",249500,https://www.propertypal.com/13-thornleigh-close-lisburn/814184,/_static/3d75ac11dde0090594eb87d4b294a48c6848892e/_next/static/media/PropertyPalLogo@3x.c8a03f97.png,4 Bed Detached Chalet,13,"Thornleigh Close,",Lisburn, BT28 2DB,"Offers around£249,500",Detached Chalet,4,,2,Oil,D58/D64,,For sale,2023-05-21 17:57:53.817263
814930,"The Deanery, Fairfields,",,https://www.propertypal.com/the-deanery-fairfields-lisburn/814930,/_static/3d75ac11dde0090594eb87d4b294a48c6848892e/_next/static/media/PropertyPalLogo@3x.c8a03f97.png,4 Bed Detached House,,"The Deanery, Fairfields,",Lisburn, BT28 3QL,New Phase,Detached House,4,2,3,Gas,,,New Phase,2023-05-21 17:57:54.122380
737351,"236 Hillhall Road,",495000,https://www.propertypal.com/236-hillhall-road-lisburn/737351,/_static/3d75ac11dde0090594eb87d4b294a48c6848892e/_next/static/media/PropertyPalLogo@3x.c8a03f97.png,4 Bed Detached House,236,"Hillhall Road,",Lisburn, BT27 5JQ,"Offers over£495,000",Detached House,4,2,3,,E47,,For sale,2023-05-21 17:57:54.508595
813383,"38 Ballymacash Park,",139950,https://www.propertypal.com/38-ballymacash-park-lisburn/813383,/_static/3d75ac11dde0090594eb87d4b294a48c6848892e/_next/static/media/PropertyPalLogo@3x.c8a03f97.png,3 Bed Terrace House,38,"Ballymacash Park,",Lisburn, BT28 3EX,"Offers around£139,950",Terrace House,3,1,1,,EPC -PDF (126kb),,For sale,2023-05-21 17:57:54.902608
814432,"6 Belsize Way,",275000,https://www.propertypal.com/6-belsize-way-lisburn/814432,/_static/3d75ac11dde0090594eb87d4b294a48c6848892e/_next/static/media/PropertyPalLogo@3x.c8a03f97.png,3 Bed Detached House,6,"Belsize Way,",Lisburn, BT27 4EZ,"Price£275,000",Detached House,3,3,2,Gas,B84,,For sale,2023-05-21 17:57:55.210596
811724,"22 Berkeley Hall Court,",229950,https://www.propertypal.com/22-berkeley-hall-court-lisburn/811724,/_static/3d75ac11dde0090594eb87d4b294a48c6848892e/_next/static/media/PropertyPalLogo@3x.c8a03f97.png,3 Bed Townhouse,22,"Berkeley Hall Court,",Lisburn, BT27 5QX,"Price£229,950",Townhouse,3,,,,,,For sale,2023-05-21 17:57:55.627778
813168,"1 Ferndell,",179950,https://www.propertypal.com/1-ferndell-lisburn/813168,/_static/3d75ac11dde0090594eb87d4b294a48c6848892e/_next/static/media/PropertyPalLogo@3x.c8a03f97.png,3 Bed Semi-detached House,1,"Ferndell,",Lisburn, BT27 4HQ,"Price£179,950",Semi-detached House,3,1,2,,EPC -PDF (826kb),,For sale,2023-05-21 17:57:55.890782
812965,"14 Edenvale Gardens,",99950,https://www.propertypal.com/14-edenvale-gardens-ballymacash-road-lisburn/812965,/_static/3d75ac11dde0090594eb87d4b294a48c6848892e/_next/static/media/PropertyPalLogo@3x.c8a03f97.png,3 Bed End-terrace House,14,"Edenvale Gardens,", Lisburn, BT28 2UT,"Offers around£99,950",End-terrace House,3,,1,Oil,E49/D68,,For sale,2023-05-21 17:57:56.141374
811049,"227 Moira Road,",250000,https://www.propertypal.com/227-moira-road-lisburn/811049,/_static/3d75ac11dde0090594eb87d4b294a48c6848892e/_next/static/media/PropertyPalLogo@3x.c8a03f97.png,3 Bed Bungalow,227,"Moira Road,",Lisburn, BT28 2TP,"Price£250,000",Bungalow,3,2,3,,EPC -PDF (118kb),,For sale,2023-05-21 17:57:57.830115
811171,"10 Linen Green,",225000,https://www.propertypal.com/10-linen-green-lisburn/811171,/_static/3d75ac11dde0090594eb87d4b294a48c6848892e/_next/static/media/PropertyPalLogo@3x.c8a03f97.png,4 Bed Townhouse,10,"Linen Green,",Lisburn, BT28 3NZ,"Offers around£225,000",Townhouse,4,3,1,Gas,,,For sale,2023-05-21 17:57:58.223717
810688,"137 Benson Street,",215000,https://www.propertypal.com/137-benson-street-lisburn/810688,/_static/3d75ac11dde0090594eb87d4b294a48c6848892e/_next/static/media/PropertyPalLogo@3x.c8a03f97.png,4 Bed Semi-detached Bungalow,137,"Benson Street,",Lisburn, BT28 2AF,"Offers around£215,000",Semi-detached Bungalow,4,,3,Gas,D67/C70,,For sale,2023-05-21 17:57:58.612350
810190,"14 Moss Road,",295000,https://www.propertypal.com/14-moss-road-lisburn/810190,/_static/3d75ac11dde0090594eb87d4b294a48c6848892e/_next/static/media/PropertyPalLogo@3x.c8a03f97.png,4 Bed Detached Bungalow,14,"Moss Road,",Lisburn, BT27 4NW,"Offers over£295,000",Detached Bungalow,4,2,2,Oil,,,For sale,2023-05-21 17:57:58.905916
811512,"47 Woodland Park,",269950,https://www.propertypal.com/47-woodland-park-lambeg-lisburn/811512,/_static/3d75ac11dde0090594eb87d4b294a48c6848892e/_next/static/media/PropertyPalLogo@3x.c8a03f97.png,4 Bed Detached Bungalow,47,"Woodland Park,", Lisburn, BT27 4PF,"Offers around£269,950",Detached Bungalow,4,1,2,,E43/D58,,For sale,2023-05-21 17:57:59.203815
811423,"3 Roseville Park,",99950,https://www.propertypal.com/3-roseville-park-lisburn/811423,/_static/3d75ac11dde0090594eb87d4b294a48c6848892e/_next/static/media/PropertyPalLogo@3x.c8a03f97.png,3 Bed Terrace House,3,"Roseville Park,",Lisburn, BT27 4XT,"Offers around£99,950",Terrace House,3,,1,Oil,,,For sale,2023-05-21 17:57:59.460099
810235,"79 Mornington Avenue,",200000,https://www.propertypal.com/79-mornington-avenue-lisburn/810235,/_static/3d75ac11dde0090594eb87d4b294a48c6848892e/_next/static/media/PropertyPalLogo@3x.c8a03f97.png,3 Bed Semi-detached House,79,"Mornington Avenue,",Lisburn, BT28 2WP,"Offers over£200,000",Semi-detached House,3,,1,Gas,C77/C79,,For sale,2023-05-21 17:57:59.718157
809314,"3 Alpha Court,",159950,https://www.propertypal.com/3-alpha-court-lisburn/809314,/_static/3d75ac11dde0090594eb87d4b294a48c6848892e/_next/static/media/PropertyPalLogo@3x.c8a03f97.png,3 Bed Duplex Apartment,3,"Alpha Court,",Lisburn, BT27 4EQ,"Asking price£159,950",Duplex Apartment,3,,1,Gas,C75/B81,,For sale,2023-05-21 17:57:59.983121
811204,"9 Sir Richard Wallace Square,",220000,https://www.propertypal.com/9-sir-richard-wallace-square-thaxton-lisburn/811204,/_static/3d75ac11dde0090594eb87d4b294a48c6848892e/_next/static/media/PropertyPalLogo@3x.c8a03f97.png,3 Bed Detached House,9,"Sir Richard Wallace Square,", Lisburn, BT28 3DQ,"Offers around£220,000",Detached House,3,,1,Gas,C78/C80,,For sale,2023-05-21 17:58:00.256322
810728,"14 Lurganure Road,",75000,https://www.propertypal.com/14-lurganure-road-lisburn/810728,/_static/3d75ac11dde0090594eb87d4b294a48c6848892e/_next/static/media/PropertyPalLogo@3x.c8a03f97.png,2 Bed Detached Bungalow,14,"Lurganure Road,",Lisburn, BT28 2TS,"Guide price£75,000",Detached Bungalow,2,1,,,,,For sale,2023-05-21 17:58:00.533991
811048,"9 Warren Park Gardens,",104950,https://www.propertypal.com/9-warren-park-gardens-lisburn/811048,/_static/3d75ac11dde0090594eb87d4b294a48c6848892e/_next/static/media/PropertyPalLogo@3x.c8a03f97.png,3 Bed Semi-detached House,9,"Warren Park Gardens,",Lisburn, BT28 1HH,"Price£104,950",Semi-detached House,3,1,2,Oil,EPC -PDF (62kb),,For sale,2023-05-21 17:58:00.827749
769913,"103c Drumbeg Drive,",85000,https://www.propertypal.com/103c-drumbeg-drive-lisburn/769913,/_static/3d75ac11dde0090594eb87d4b294a48c6848892e/_next/static/media/PropertyPalLogo@3x.c8a03f97.png,2 Bed Apartment,103,"c Drumbeg Drive,",Lisburn, BT28 1QJ,"Offers around£85,000",Apartment,2,,1,Gas,C70/C75,,For sale,2023-05-21 17:58:01.232703
808564,"2 Moss Lane,",289950,https://www.propertypal.com/2-moss-lane-lower-ballinderry-antrim/808564,/_static/3d75ac11dde0090594eb87d4b294a48c6848892e/_next/static/media/PropertyPalLogo@3x.c8a03f97.png,4 Bed Detached Chalet,2,"Moss Lane,", Antrim, BT28 2JR,"Offers around£289,950",Detached Chalet,4,,1,Oil,D65/D68,,For sale,2023-05-21 17:58:02.924094
646633,"2B Llewellyn,",195000,https://www.propertypal.com/2b-llewellyn-lisburn/646633,/_static/3d75ac11dde0090594eb87d4b294a48c6848892e/_next/static/media/PropertyPalLogo@3x.c8a03f97.png,3 Bed Detached House,2,"B Llewellyn,",Lisburn, BT27 4AQ,"Asking price£195,000",Detached House,3,3,2,Gas,B81/B81,,For sale,2023-05-21 17:58:03.223876
807968,"20 Huguenot Drive,",119950,https://www.propertypal.com/20-huguenot-drive-grand-street-lisburn/807968,/_static/3d75ac11dde0090594eb87d4b294a48c6848892e/_next/static/media/PropertyPalLogo@3x.c8a03f97.png,3 Bed Semi-detached House,20,"Huguenot Drive,", Lisburn, BT27 4UH,"Offers over£119,950",Semi-detached House,3,,2,Oil,E45/D64,,For sale,2023-05-21 17:58:03.518566
777522,"33 Glenwood Court,",169000,https://www.propertypal.com/33-glenwood-court-lisburn/777522,/_static/3d75ac11dde0090594eb87d4b294a48c6848892e/_next/static/media/PropertyPalLogo@3x.c8a03f97.png,3 Bed Semi-detached House,33,"Glenwood Court,",Lisburn, BT28 3UD,"Offers around£169,000",Semi-detached House,3,,1,Dual (Solid & Oil),E51/C72,,For sale,2023-05-21 17:58:03.833051
741619,"11 Barnfield Grange,",174950,https://www.propertypal.com/11-barnfield-grange-barnfield-road-lisburn/741619,/_static/3d75ac11dde0090594eb87d4b294a48c6848892e/_next/static/media/PropertyPalLogo@3x.c8a03f97.png,4 Bed Semi-detached House,11,"Barnfield Grange,", Lisburn, BT28 3RS,"Offers around£174,950",Semi-detached House,4,2,1,,,,For sale,2023-05-21 17:58:04.107915
784596,"18 Holstein Crescent,",229950,https://www.propertypal.com/18-holstein-crescent-lisburn/784596,/_static/3d75ac11dde0090594eb87d4b294a48c6848892e/_next/static/media/PropertyPalLogo@3x.c8a03f97.png,4 Bed Townhouse,18,"Holstein Crescent,",Lisburn, BT28 2RS,"Offers over£229,950",Townhouse,4,,2,Gas,C78/C78,,For sale,2023-05-21 17:58:04.520067
808717,"47 Cloverdale Crescent,",235000,https://www.propertypal.com/47-cloverdale-crescent-lisburn/808717,/_static/3d75ac11dde0090594eb87d4b294a48c6848892e/_next/static/media/PropertyPalLogo@3x.c8a03f97.png,4 Bed Detached House,47,"Cloverdale Crescent,",Lisburn, BT27 4PS,"Offers around£235,000",Detached House,4,,,,,,For sale,2023-05-21 17:58:04.928428
809210,"House, Outbuildings And Land, 17 Pine Hill,",350000,https://www.propertypal.com/house-outbuildings-and-land-17-pine-hill-lisburn/809210,/_static/3d75ac11dde0090594eb87d4b294a48c6848892e/_next/static/media/PropertyPalLogo@3x.c8a03f97.png,2 Bed Detached Bungalow,17,"House, Outbuildings And Land,",Lisburn, BT27 5PL,"Offers around£350,000",Detached Bungalow,2,,1,Oil,E41/E49,,For sale,2023-05-21 17:58:05.233601
807851,"1c Old Road,",625000,https://www.propertypal.com/1c-old-road-ballinderry-upper-lisburn/807851,/_static/3d75ac11dde0090594eb87d4b294a48c6848892e/_next/static/media/PropertyPalLogo@3x.c8a03f97.png,6 Bed Detached House,1,"c Old Road,", Lisburn, BT28 2NJ,"Offers around£625,000",Detached House,6,3,3,Oil,E42/E42,,For sale,2023-05-21 17:58:05.639229
808708,"Ballinderry Masonic Hall, 87 Ballinderry Road,",265000,https://www.propertypal.com/ballinderry-masonic-hall-87-ballinderry-road-upper-ballinderry-lisburn/808708,/_static/3d75ac11dde0090594eb87d4b294a48c6848892e/_next/static/media/PropertyPalLogo@3x.c8a03f97.png,Detached House,87,"Ballinderry Masonic Hall,", Lisburn, BT28 2NL,"Offers around£265,000",Detached House,,,,,/A154,,For sale,2023-05-21 17:58:06.016944
770573,"34 Killultagh Road,",419950,https://www.propertypal.com/34-killultagh-road-lisburn/770573,/_static/3d75ac11dde0090594eb87d4b294a48c6848892e/_next/static/media/PropertyPalLogo@3x.c8a03f97.png,5 Bed Detached House,34,"Killultagh Road,",Lisburn, BT28 2NX,"Offers around£419,950",Detached House,5,4,3,Oil,EPC -PDF (319kb),,For sale,2023-05-21 17:58:06.367200
771707,"40 Berkeley Hall Court,",189950,https://www.propertypal.com/40-berkeley-hall-court-lisburn/771707,/_static/3d75ac11dde0090594eb87d4b294a48c6848892e/_next/static/media/PropertyPalLogo@3x.c8a03f97.png,2 Bed Townhouse,40,"Berkeley Hall Court,",Lisburn, BT27 5QX,"Offers around£189,950",Townhouse,2,1,1,,C74/C74,,For sale,2023-05-21 17:58:06.667663
807001,"7 Alexander Avenue,",130000,https://www.propertypal.com/7-alexander-avenue-lisburn/807001,/_static/3d75ac11dde0090594eb87d4b294a48c6848892e/_next/static/media/PropertyPalLogo@3x.c8a03f97.png,3 Bed Semi-detached House,7,"Alexander Avenue,",Lisburn, BT27 5HT,"Offers around£130,000",Semi-detached House,3,2,1,Gas,E52/D60,,For sale,2023-05-21 17:58:08.469546
805594,"112 Pond Park Road,",134950,https://www.propertypal.com/112-pond-park-road-lisburn/805594,/_static/3d75ac11dde0090594eb87d4b294a48c6848892e/_next/static/media/PropertyPalLogo@3x.c8a03f97.png,3 Bed House,112,"Pond Park Road,",Lisburn, BT28 3RE,"Price£134,950",House,3,1,1,Gas,C70/C72,,For sale,2023-05-21 17:58:08.806756
806004,"149b Moira Road,",139950,https://www.propertypal.com/149b-moira-road-lisburn/806004,/_static/3d75ac11dde0090594eb87d4b294a48c6848892e/_next/static/media/PropertyPalLogo@3x.c8a03f97.png,3 Bed House,149,"b Moira Road,",Lisburn, BT28 1RN,"Offers around£139,950",House,3,1,2,,EPC -PDF (137kb),,For sale,2023-05-21 17:58:09.287869
805330,"49 Ashcroft Way,",164950,https://www.propertypal.com/49-ashcroft-way-ballinderry-lower/805330,/_static/3d75ac11dde0090594eb87d4b294a48c6848892e/_next/static/media/PropertyPalLogo@3x.c8a03f97.png,3 Bed Semi-detached House,49,"Ashcroft Way,",Ballinderry Lower, BT28 2AY,"Offers around£164,950",Semi-detached House,3,1,1,Oil,D65/C70,,For sale,2023-05-21 17:58:09.624538
765270,"""Broom Lodge"", 110 Halftown Road,",325000,https://www.propertypal.com/broom-lodge-110-halftown-road-lisburn/765270,/_static/3d75ac11dde0090594eb87d4b294a48c6848892e/_next/static/media/PropertyPalLogo@3x.c8a03f97.png,4 Bed Detached Chalet,110,"""Broom Lodge"",",Lisburn, BT27 5RF,"Offers around£325,000",Detached Chalet,4,2,3,Oil,,,For sale,2023-05-21 17:58:09.885774
806555,"1 Trinity Gate,",320000,https://www.propertypal.com/1-trinity-gate-lisburn/806555,/_static/3d75ac11dde0090594eb87d4b294a48c6848892e/_next/static/media/PropertyPalLogo@3x.c8a03f97.png,4 Bed Townhouse,1,"Trinity Gate,",Lisburn, BT28 3FR,"Offers around£320,000",Townhouse,4,4,1,Gas,C71/C73,,For sale,2023-05-21 17:58:10.151851
807863,"30 Low Road,",95000,https://www.propertypal.com/30-low-road-lisburn/807863,/_static/3d75ac11dde0090594eb87d4b294a48c6848892e/_next/static/media/PropertyPalLogo@3x.c8a03f97.png,3 Bed Terrace House,30,"Low Road,",Lisburn, BT27 4TJ,"Offers over£95,000",Terrace House,3,,1,Gas,C69/C71,,For sale,2023-05-21 17:58:10.409247
779511,"78 Ballantine Gardens,",290000,https://www.propertypal.com/78-ballantine-gardens-lisburn/779511,/_static/3d75ac11dde0090594eb87d4b294a48c6848892e/_next/static/media/PropertyPalLogo@3x.c8a03f97.png,4 Bed Townhouse,78,"Ballantine Gardens,",Lisburn, BT27 5FJ,"Asking price£290,000",Townhouse,4,3,2,Gas,B83/B83,,For sale,2023-05-21 17:58:10.695904
739197,"11 Barnfield Grange,",174995,https://www.propertypal.com/11-barnfield-grange-lisburn/739197,/_static/3d75ac11dde0090594eb87d4b294a48c6848892e/_next/static/media/PropertyPalLogo@3x.c8a03f97.png,4 Bed Semi-detached House,11,"Barnfield Grange,",Lisburn, BT28 3RS,"Guide price£174,995",Semi-detached House,4,2,2,Oil,EPC -PDF (29kb),,For sale,2023-05-21 17:58:11.025929
799373,"15 Springhill,",219950,https://www.propertypal.com/15-springhill-off-nettlehill-road-lisburn/799373,/_static/3d75ac11dde0090594eb87d4b294a48c6848892e/_next/static/media/PropertyPalLogo@3x.c8a03f97.png,3 Bed Detached House,15,"Springhill,", Lisburn, BT28 3QE,"Offers around£219,950",Detached House,3,,2,Oil,D64/D66,,For sale,2023-05-21 17:58:11.312961
807765,"46 Wallace Avenue,",155000,https://www.propertypal.com/46-wallace-avenue-lisburn/807765,/_static/3d75ac11dde0090594eb87d4b294a48c6848892e/_next/static/media/PropertyPalLogo@3x.c8a03f97.png,3 Bed Semi-detached House,46,"Wallace Avenue,",Lisburn, BT27 4AE,"Offers around£155,000",Semi-detached House,3,1,1,,EPC -PDF (72kb),,For sale,2023-05-21 17:58:11.604290
805956,"5 Spring Meadow,",325000,https://www.propertypal.com/5-spring-meadow-maghaberry/805956,/_static/3d75ac11dde0090594eb87d4b294a48c6848892e/_next/static/media/PropertyPalLogo@3x.c8a03f97.png,4 Bed Detached House,5,"Spring Meadow,",Maghaberry, BT28 2RN,"Price£325,000",Detached House,4,3,2,Oil,D59/D61,,For sale,2023-05-21 17:58:11.924299
736115,"Brand New Detached House, 9D Feumore Road,",390000,https://www.propertypal.com/brand-new-detached-house-9d-feumore-road-ballinderry-lisburn/736115,/_static/3d75ac11dde0090594eb87d4b294a48c6848892e/_next/static/media/PropertyPalLogo@3x.c8a03f97.png,4 Bed Detached House,9,"Brand New Detached House,", Lisburn, BT28 2LJ,"Asking price£390,000",Detached House,4,2,2,Oil,,,For sale,2023-05-21 17:58:13.479004
803887,"Hollybrook, 17 Magees Road,",360000,https://www.propertypal.com/hollybrook-17-magees-road-upper-ballinderry-lisburn/803887,/_static/3d75ac11dde0090594eb87d4b294a48c6848892e/_next/static/media/PropertyPalLogo@3x.c8a03f97.png,4 Bed Detached Bungalow,17,"Hollybrook,", Lisburn, BT28 2JE,"Offers around£360,000",Detached Bungalow,4,,2,Oil,D56/D61,,For sale,2023-05-21 17:58:13.930051
735866,"13 Brokerstown Road,",149950,https://www.propertypal.com/13-brokerstown-road-lisburn/735866,/_static/3d75ac11dde0090594eb87d4b294a48c6848892e/_next/static/media/PropertyPalLogo@3x.c8a03f97.png,2 Bed Semi-detached House,13,"Brokerstown Road,",Lisburn, BT28 2EE,"Offers around£149,950",Semi-detached House,2,1,1,,EPC -PDF (61kb),,For sale,2023-05-21 17:58:14.190190
736286,"10 Mill Road,",795000,https://www.propertypal.com/10-mill-road-drumbo-lisburn/736286,/_static/3d75ac11dde0090594eb87d4b294a48c6848892e/_next/static/media/PropertyPalLogo@3x.c8a03f97.png,5 Bed Detached House,10,"Mill Road,", Lisburn, BT27 5TT,"Offers over£795,000",Detached House,5,,3,Oil,F29/D63,,For sale,2023-05-21 17:58:14.519651
803736,"34 Rosslyn Park,",180000,https://www.propertypal.com/34-rosslyn-park-lisburn/803736,/_static/3d75ac11dde0090594eb87d4b294a48c6848892e/_next/static/media/PropertyPalLogo@3x.c8a03f97.png,3 Bed Semi-detached House,34,"Rosslyn Park,",Lisburn, BT28 1UH,"Offers over£180,000",Semi-detached House,3,1,2,,F38/D59,,For sale,2023-05-21 17:58:14.793327
803126,"20 Leckey Road,",895000,https://www.propertypal.com/20-leckey-road-lisburn/803126,/_static/3d75ac11dde0090594eb87d4b294a48c6848892e/_next/static/media/PropertyPalLogo@3x.c8a03f97.png,5 Bed Detached House,20,"Leckey Road,",Lisburn, BT28 2QA,"Price£895,000",Detached House,5,6,5,Oil,E53,,For sale,2023-05-21 17:58:15.077002
804705,"31 Spring Meadow,",249950,https://www.propertypal.com/31-spring-meadow-hammond-road-maghaberry/804705,/_static/3d75ac11dde0090594eb87d4b294a48c6848892e/_next/static/media/PropertyPalLogo@3x.c8a03f97.png,4 Bed Detached House,31,"Spring Meadow,", Maghaberry, BT28 2RN,"Offers over£249,950",Detached House,4,,4,Oil,D61/D64,,For sale,2023-05-21 17:58:15.355865
804779,"5 Gravelhill Grove,",242500,https://www.propertypal.com/5-gravelhill-grove-maze-lisburn/804779,/_static/3d75ac11dde0090594eb87d4b294a48c6848892e/_next/static/media/PropertyPalLogo@3x.c8a03f97.png,4 Bed Detached House,5,"Gravelhill Grove,", Lisburn, BT28 2SH,"Price£242,500",Detached House,4,,2,Oil,D61/D66,,For sale,2023-05-21 17:58:15.630815
590692,"The Boughton, The Wallace Gardens,",280000,https://www.propertypal.com/the-boughton-the-wallace-gardens-thaxton-village-lisburn/590692,/_static/3d75ac11dde0090594eb87d4b294a48c6848892e/_next/static/media/PropertyPalLogo@3x.c8a03f97.png,4 Bed Detached House,,"The Boughton, The Wallace Gardens,", Lisburn, BT28 3HZ,"Price£280,000",Detached House,4,,1,Gas,,,For sale,2023-05-21 17:58:15.912851
783663,"25 Ashcroft Close,",169950,https://www.propertypal.com/25-ashcroft-close-lisburn/783663,/_static/3d75ac11dde0090594eb87d4b294a48c6848892e/_next/static/media/PropertyPalLogo@3x.c8a03f97.png,3 Bed Semi-detached House,25,"Ashcroft Close,",Lisburn, BT28 2AZ,"Price£169,950",Semi-detached House,3,1,1,Oil,EPC -PDF (62kb),,For sale,2023-05-21 17:58:16.188620
777854,"69 Killowen Grange,",122500,https://www.propertypal.com/69-killowen-grange-off-glenavy-road-lisburn/777854,/_static/3d75ac11dde0090594eb87d4b294a48c6848892e/_next/static/media/PropertyPalLogo@3x.c8a03f97.png,3 Bed Mid-terrace House,69,"Killowen Grange,", Lisburn, BT28 3HQ,"Offers around£122,500",Mid-terrace House,3,,1,Oil,D59/C75,,For sale,2023-05-21 17:58:16.476614
804223,"5 Florencecourt,",120000,https://www.propertypal.com/5-florencecourt-lisburn/804223,/_static/3d75ac11dde0090594eb87d4b294a48c6848892e/_next/static/media/PropertyPalLogo@3x.c8a03f97.png,3 Bed Semi-detached House,5,"Florencecourt,",Lisburn, BT27 5NQ,"Price£120,000",Semi-detached House,3,,1,Oil,E50/C72,,For sale,2023-05-21 17:58:16.835581
786115,"6 Old School House Mews,",229500,https://www.propertypal.com/6-old-school-house-mews-ballinderry-lower-lisburn/786115,/_static/3d75ac11dde0090594eb87d4b294a48c6848892e/_next/static/media/PropertyPalLogo@3x.c8a03f97.png,4 Bed Detached House,6,"Old School House Mews,", Lisburn, BT28 2XQ,"Offers around£229,500",Detached House,4,,1,Oil,B83/B83,,For sale,2023-05-21 17:58:18.373225
794492,"40 Woodbrook Avenue,",119950,https://www.propertypal.com/40-woodbrook-avenue-lisburn/794492,/_static/3d75ac11dde0090594eb87d4b294a48c6848892e/_next/static/media/PropertyPalLogo@3x.c8a03f97.png,2 Bed 1st Floor Apartment,40,"Woodbrook Avenue,",Lisburn, BT28 2ZG,"Offers around£119,950",1st Floor Apartment,2,1,1,Gas,B81/B81,,For sale,2023-05-21 17:58:18.645644
801550,"11 Killowen Park,",220000,https://www.propertypal.com/11-killowen-park-lisburn/801550,/_static/3d75ac11dde0090594eb87d4b294a48c6848892e/_next/static/media/PropertyPalLogo@3x.c8a03f97.png,3 Bed Detached Bungalow,11,"Killowen Park,",Lisburn, BT28 3LD,"Offers around£220,000",Detached Bungalow,3,1,1,,,,For sale,2023-05-21 17:58:18.924502
782336,"4 Beechill Grove,",210000,https://www.propertypal.com/4-beechill-grove-derriaghy-lisburn/782336,/_static/3d75ac11dde0090594eb87d4b294a48c6848892e/_next/static/media/PropertyPalLogo@3x.c8a03f97.png,5 Bed Detached House,4,"Beechill Grove,", Lisburn, BT28 3UB,"Offers around£210,000",Detached House,5,2,1,Oil,E49/E50,,For sale,2023-05-21 17:58:19.184285
794088,"20 Garvey Mews,",110000,https://www.propertypal.com/20-garvey-mews-lisburn/794088,/_static/3d75ac11dde0090594eb87d4b294a48c6848892e/_next/static/media/PropertyPalLogo@3x.c8a03f97.png,2 Bed Apartment,20,"Garvey Mews,",Lisburn, BT28 1BS,"Offers around£110,000",Apartment,2,1,1,Gas,C74,,For sale,2023-05-21 17:58:19.472082
794926,"49 Ward Avenue,",119950,https://www.propertypal.com/49-ward-avenue-lisburn/794926,/_static/3d75ac11dde0090594eb87d4b294a48c6848892e/_next/static/media/PropertyPalLogo@3x.c8a03f97.png,3 Bed Mid-terrace House,49,"Ward Avenue,",Lisburn, BT28 1EF,"Asking price£119,950",Mid-terrace House,3,1,1,Gas,D67/C72,,For sale,2023-05-21 17:58:19.736237
776202,"61 Beechdene Gardens,",140000,https://www.propertypal.com/61-beechdene-gardens-pond-park-lisburn/776202,/_static/3d75ac11dde0090594eb87d4b294a48c6848892e/_next/static/media/PropertyPalLogo@3x.c8a03f97.png,3 Bed Semi-detached House,61,"Beechdene Gardens,", Lisburn, BT28 3JH,"Offers over£140,000",Semi-detached House,3,,2,Oil,F29/E45,,For sale,2023-05-21 17:58:20.014133
794533,"12 Mullaghglass Road,",2000000,https://www.propertypal.com/12-mullaghglass-road-lisburn/794533,/_static/3d75ac11dde0090594eb87d4b294a48c6848892e/_next/static/media/PropertyPalLogo@3x.c8a03f97.png,7 Bed Detached House,12,"Mullaghglass Road,",Lisburn, BT28 3TG,"Asking price£2,000,000",Detached House,7,,2,Oil,,,For sale,2023-05-21 17:58:20.299639
796104,"73 Skyline Drive,",130000,https://www.propertypal.com/73-skyline-drive-lisburn/796104,/_static/3d75ac11dde0090594eb87d4b294a48c6848892e/_next/static/media/PropertyPalLogo@3x.c8a03f97.png,3 Bed Semi-detached House,73,"Skyline Drive,",Lisburn, BT27 4HW,"Asking price£130,000",Semi-detached House,3,1,1,Oil,F38/E53,,For sale,2023-05-21 17:58:20.563810
673338,"26F Lough Road,",575000,https://www.propertypal.com/26f-lough-road-ballinderry-lisburn/673338,/_static/3d75ac11dde0090594eb87d4b294a48c6848892e/_next/static/media/PropertyPalLogo@3x.c8a03f97.png,5 Bed Detached House,26,"F Lough Road,", Lisburn, BT28 2JY,"Offers around£575,000",Detached House,5,4,4,Oil,C72/C72,,For sale,2023-05-21 17:58:20.851503
795570,"25a Ravarnet Road,",579500,https://www.propertypal.com/25a-ravarnet-road-lisburn/795570,/_static/3d75ac11dde0090594eb87d4b294a48c6848892e/_next/static/media/PropertyPalLogo@3x.c8a03f97.png,5 Bed Detached Bungalow,25,"a Ravarnet Road,",Lisburn, BT27 5FZ,"Offers around£579,500",Detached Bungalow,5,3,2,,B83/B83,,For sale,2023-05-21 17:58:21.124775
778360,"10 Causeway End Road,",172950,https://www.propertypal.com/10-causeway-end-road-lisburn/778360,/_static/3d75ac11dde0090594eb87d4b294a48c6848892e/_next/static/media/PropertyPalLogo@3x.c8a03f97.png,3 Bed Semi-detached House,10,"Causeway End Road,",Lisburn, BT28 1UB,"Offers around£172,950",Semi-detached House,3,,1,Oil,F30/E43,,For sale,2023-05-21 17:58:21.600319
792500,"17 Beech Hill Gardens,",299950,https://www.propertypal.com/17-beech-hill-gardens-lisburn/792500,/_static/3d75ac11dde0090594eb87d4b294a48c6848892e/_next/static/media/PropertyPalLogo@3x.c8a03f97.png,3 Bed Detached Bungalow,17,"Beech Hill Gardens,",Lisburn, BT28 3HH,"Offers around£299,950",Detached Bungalow,3,,3,Gas,C70/C74,,For sale,2023-05-21 17:58:23.117350
723427,"16 Young Street,",99950,https://www.propertypal.com/16-young-street-lisburn/723427,/_static/3d75ac11dde0090594eb87d4b294a48c6848892e/_next/static/media/PropertyPalLogo@3x.c8a03f97.png,3 Bed Terrace House,16,"Young Street,",Lisburn, BT27 5EB,"Offers around£99,950",Terrace House,3,1,1,,,,For sale,2023-05-21 17:58:23.402538
791141,"10 Graham Street,",85000,https://www.propertypal.com/10-graham-street-lisburn/791141,/_static/3d75ac11dde0090594eb87d4b294a48c6848892e/_next/static/media/PropertyPalLogo@3x.c8a03f97.png,2 Bed End-terrace House,10,"Graham Street,",Lisburn, BT27 5HU,"Price£85,000",End-terrace House,2,1,1,Gas,,,For sale,2023-05-21 17:58:23.680046
789353,"7 Alexander Avenue,",150000,https://www.propertypal.com/7-alexander-avenue-lisburn/789353,/_static/3d75ac11dde0090594eb87d4b294a48c6848892e/_next/static/media/PropertyPalLogo@3x.c8a03f97.png,3 Bed Semi-detached House,7,"Alexander Avenue,",Lisburn, BT27 5HT,"Price£150,000",Semi-detached House,3,1,1,Oil,E52,,For sale,2023-05-21 17:58:23.972274
788713,"68 Ballinderry Road,",399950,https://www.propertypal.com/68-ballinderry-road-lisburn/788713,/_static/3d75ac11dde0090594eb87d4b294a48c6848892e/_next/static/media/PropertyPalLogo@3x.c8a03f97.png,4 Bed Detached House,68,"Ballinderry Road,",Lisburn, BT28 2QS,"Offers over£399,950",Detached House,4,,2,Oil,E41/D59,,For sale,2023-05-21 17:58:24.228777
720793,"21 Sandymount,",129950,https://www.propertypal.com/21-sandymount-ballyskeagh-lisburn/720793,/_static/3d75ac11dde0090594eb87d4b294a48c6848892e/_next/static/media/PropertyPalLogo@3x.c8a03f97.png,3 Bed Terrace House,21,"Sandymount,", Lisburn, BT27 5TJ,"Offers over£129,950",Terrace House,3,1,1,,E54/D67,,For sale,2023-05-21 17:58:24.515537
765760,"28 Stoneyford Road,",170000,https://www.propertypal.com/28-stoneyford-road-lisburn/765760,/_static/3d75ac11dde0090594eb87d4b294a48c6848892e/_next/static/media/PropertyPalLogo@3x.c8a03f97.png,3 Bed Semi-detached Bungalow,28,"Stoneyford Road,",Lisburn, BT28 3RG,"Offers over£170,000",Semi-detached Bungalow,3,,2,Dual (Solid & Oil),D56/D62,,For sale,2023-05-21 17:58:24.824035
789033,"9 Graham Street,",89950,https://www.propertypal.com/9-graham-street-lisburn/789033,/_static/3d75ac11dde0090594eb87d4b294a48c6848892e/_next/static/media/PropertyPalLogo@3x.c8a03f97.png,2 Bed Terrace House,9,"Graham Street,",Lisburn, BT27 5HU,"Price£89,950",Terrace House,2,1,1,Gas,,,For sale,2023-05-21 17:58:25.105650
791317,"38 North Street,",299950,https://www.propertypal.com/38-north-street-ballinderry-upper-lisburn/791317,/_static/3d75ac11dde0090594eb87d4b294a48c6848892e/_next/static/media/PropertyPalLogo@3x.c8a03f97.png,4 Bed Detached House,38,"North Street,", Lisburn, BT28 2ER,"Offers around£299,950",Detached House,4,2,3,,EPC Rating Graph,,For sale,2023-05-21 17:58:25.429901
787452,"20 Wynford Park,",129950,https://www.propertypal.com/20-wynford-park-lisburn/787452,/_static/3d75ac11dde0090594eb87d4b294a48c6848892e/_next/static/media/PropertyPalLogo@3x.c8a03f97.png,3 Bed Semi-detached House,20,"Wynford Park,",Lisburn, BT27 5HJ,"Offers around£129,950",Semi-detached House,3,1,2,,F32/D56,,For sale,2023-05-21 17:58:25.693306
788972,Matsu,,https://www.propertypal.com/matsu-carnbane-road-royal-hillsborough/788972,/_static/3d75ac11dde0090594eb87d4b294a48c6848892e/_next/static/media/PropertyPalLogo@3x.c8a03f97.png,6 Bed Detached House,,Matsu, Royal Hillsborough, BT27 5NG,POA,Detached House,6,,5,,,,For sale,2023-05-21 17:58:25.967479
787236,"21 Woodland Gardens,",269950,https://www.propertypal.com/21-woodland-gardens-lisburn/787236,/_static/3d75ac11dde0090594eb87d4b294a48c6848892e/_next/static/media/PropertyPalLogo@3x.c8a03f97.png,4 Bed Detached Bungalow,21,"Woodland Gardens,",Lisburn, BT27 4PL,"Offers around£269,950",Detached Bungalow,4,1,1,,,,For sale,2023-05-21 17:58:26.237419
783576,"48 Hertford Crescent,",114950,https://www.propertypal.com/48-hertford-crescent-lisburn/783576,/_static/3d75ac11dde0090594eb87d4b294a48c6848892e/_next/static/media/PropertyPalLogo@3x.c8a03f97.png,3 Bed End-terrace House,48,"Hertford Crescent,",Lisburn, BT28 1SP,"Offers around£114,950",End-terrace House,3,,1,Oil,E43/D66,,For sale,2023-05-21 17:58:27.828809
785705,"39 Eglantine Crescent,",189950,https://www.propertypal.com/39-eglantine-crescent-lisburn/785705,/_static/3d75ac11dde0090594eb87d4b294a48c6848892e/_next/static/media/PropertyPalLogo@3x.c8a03f97.png,3 Bed Detached House,39,"Eglantine Crescent,",Lisburn, BT27 5RH,"Offers around£189,950",Detached House,3,1,2,,C70/C75,,For sale,2023-05-21 17:58:28.115853
782498,"9 Rivergate Lane,",495000,https://www.propertypal.com/9-rivergate-lane-lisburn/782498,/_static/3d75ac11dde0090594eb87d4b294a48c6848892e/_next/static/media/PropertyPalLogo@3x.c8a03f97.png,5 Bed Detached House,9,"Rivergate Lane,",Lisburn, BT27 5UG,"Asking price£495,000",Detached House,5,,4,Oil,D68/D68,,For sale,2023-05-21 17:58:28.384519
782562,"12 Down Royal,",164950,https://www.propertypal.com/12-down-royal-maze-lisburn/782562,/_static/3d75ac11dde0090594eb87d4b294a48c6848892e/_next/static/media/PropertyPalLogo@3x.c8a03f97.png,3 Bed Semi-detached House,12,"Down Royal,", Lisburn, BT28 2TX,"Offers around£164,950",Semi-detached House,3,1,1,,E48/D68,,For sale,2023-05-21 17:58:28.660564
782395,"The Malt, Fairfields,",,https://www.propertypal.com/the-malt-fairfields-lisburn/782395,/_static/3d75ac11dde0090594eb87d4b294a48c6848892e/_next/static/media/PropertyPalLogo@3x.c8a03f97.png,4 Bed Detached House (5 homes),,"The Malt, Fairfields,",Lisburn, BT28 3QL,New Phase,Detached House,4,2,2,Gas,,,New Phase,2023-05-21 17:58:29.013800
786210,"35 Hilden Court,",124950,https://www.propertypal.com/35-hilden-court-lisburn/786210,/_static/3d75ac11dde0090594eb87d4b294a48c6848892e/_next/static/media/PropertyPalLogo@3x.c8a03f97.png,2 Bed Townhouse,35,"Hilden Court,",Lisburn, BT27 4YL,"Offers around£124,950",Townhouse,2,1,1,,D56/C71,,For sale,2023-05-21 17:58:29.310277
784339,"Green Hollow, 9B Magheralave Road,",550000,https://www.propertypal.com/green-hollow-9b-magheralave-road-lisburn/784339,/_static/3d75ac11dde0090594eb87d4b294a48c6848892e/_next/static/media/PropertyPalLogo@3x.c8a03f97.png,3 Bed Detached Bungalow,9,"Green Hollow,",Lisburn, BT28 3BE,"Offers around£550,000",Detached Bungalow,3,,2,Gas,E51/D62,,For sale,2023-05-21 17:58:29.636307
786669,"23 Ballymacash Drive,",119500,https://www.propertypal.com/23-ballymacash-drive-lisburn/786669,/_static/3d75ac11dde0090594eb87d4b294a48c6848892e/_next/static/media/PropertyPalLogo@3x.c8a03f97.png,3 Bed Terrace House,23,"Ballymacash Drive,",Lisburn, BT28 3EU,"Offers around£119,500",Terrace House,3,,1,Gas,C70/C76,,For sale,2023-05-21 17:58:30.006156
785729,"27 Laurel Hill Road,",279950,https://www.propertypal.com/27-laurel-hill-road-lisburn/785729,/_static/3d75ac11dde0090594eb87d4b294a48c6848892e/_next/static/media/PropertyPalLogo@3x.c8a03f97.png,4 Bed Detached House,27,"Laurel Hill Road,",Lisburn, BT28 2UH,"Offers around£279,950",Detached House,4,,2,Gas,D55/D57,,For sale,2023-05-21 17:58:30.418129
775895,"The Wickham, The Wallace Gardens,",325000,https://www.propertypal.com/the-wickham-the-wallace-gardens-thaxton-village-lisburn/775895,/_static/3d75ac11dde0090594eb87d4b294a48c6848892e/_next/static/media/PropertyPalLogo@3x.c8a03f97.png,4 Bed Detached House,,"The Wickham, The Wallace Gardens,", Lisburn, BT28 3HZ,"Price£325,000",Detached House,4,3,2,Gas,,,For sale,2023-05-21 17:58:30.714528
785226,"42 Low Road,",95000,https://www.propertypal.com/42-low-road-lisburn/785226,/_static/3d75ac11dde0090594eb87d4b294a48c6848892e/_next/static/media/PropertyPalLogo@3x.c8a03f97.png,3 Bed Terrace House,42,"Low Road,",Lisburn, BT27 4TJ,"Offers around£95,000",Terrace House,3,,1,Oil,,,For sale,2023-05-21 17:58:30.979416
719562,"Coming Soon, Unit 1, Hillsborough Old Road,",500000,https://www.propertypal.com/coming-soon-unit-1-hillsborough-old-road-lisburn/719562,/_static/3d75ac11dde0090594eb87d4b294a48c6848892e/_next/static/media/PropertyPalLogo@3x.c8a03f97.png,4 Bed Detached House (4 homes),1,"Coming Soon, Unit",,Lisburn,"Prices from£500,000",Detached House,4,2,2,Gas,,,For sale,2023-05-21 18:04:27.605676
45551,"Ballinderry House 23 Lower Ballinderry Road,",,https://www.propertypal.com/ballinderry-house-23-lower-ballinderry-road-ballinderry-lisburn/45551,/_static/3d75ac11dde0090594eb87d4b294a48c6848892e/_next/static/media/PropertyPalLogo@3x.c8a03f97.png,Listed Historic Home,23,Ballinderry House, Lisburn, BT28 2JH,POA,Detached House,5,,4,,G1/F30,,For sale,2023-05-21 18:04:30.937258
775030,"104 Carnbane Road,",495000,https://www.propertypal.com/104-carnbane-road-hillsborough/775030,/_static/3d75ac11dde0090594eb87d4b294a48c6848892e/_next/static/media/PropertyPalLogo@3x.c8a03f97.png,4 Bed Detached House,104,"Carnbane Road,",Hillsborough, BT27 5NG,"Asking price£495,000",Detached House,4,,4,Oil,F32/E45,,For sale,2023-05-21 18:04:31.302902
778755,"34 Lower Ballinderry Road,",255000,https://www.propertypal.com/34-lower-ballinderry-road-ballinderry-lisburn/778755,/_static/3d75ac11dde0090594eb87d4b294a48c6848892e/_next/static/media/PropertyPalLogo@3x.c8a03f97.png,3 Bed Detached Bungalow,34,"Lower Ballinderry Road,", Lisburn, BT28 2JH,"Offers around£255,000",Detached Bungalow,3,,3,Oil,E45/D61,,For sale,2023-05-21 18:04:31.682804
780890,"102 Hillhall Road,",269950,https://www.propertypal.com/102-hillhall-road-lisburn/780890,/_static/3d75ac11dde0090594eb87d4b294a48c6848892e/_next/static/media/PropertyPalLogo@3x.c8a03f97.png,4 Bed Detached House,102,"Hillhall Road,",Lisburn, BT27 5BT,"Offers around£269,950",Detached House,4,,2,Oil,D58/C71,,For sale,2023-05-21 18:04:31.955870
778035,"Tyrella, Charlestown Hall,",295000,https://www.propertypal.com/tyrella-charlestown-hall-draynes-farm-lisburn/778035,/_static/3d75ac11dde0090594eb87d4b294a48c6848892e/_next/static/media/PropertyPalLogo@3x.c8a03f97.png,3 Bed Detached House (2 homes),,"Tyrella, Charlestown Hall,", Lisburn, BT28 3UP,"Asking price£295,000",Detached House,3,2,2,Gas,,,For sale,2023-05-21 18:04:32.278634
775564,"Cherryvale, 92 Lough Road,",1500000,https://www.propertypal.com/cherryvale-92-lough-road-boardmills/775564,/_static/3d75ac11dde0090594eb87d4b294a48c6848892e/_next/static/media/PropertyPalLogo@3x.c8a03f97.png,6 Bed Detached House and Land,92,"Cherryvale,",Boardmills, BT27 6TT,"Offers around£1,500,000",Detached House and Land,6,3,5,Oil,D57/D57,,For sale,2023-05-21 18:04:32.667973
779445,"36 Stoneyford Road,",895000,https://www.propertypal.com/36-stoneyford-road-lisburn/779445,/_static/3d75ac11dde0090594eb87d4b294a48c6848892e/_next/static/media/PropertyPalLogo@3x.c8a03f97.png,6 Bed Detached House,36,"Stoneyford Road,",Lisburn, BT28 3RG,"Offers around£895,000",Detached House,6,,4,,F30/F30,,For sale,2023-05-21 18:04:33.171558
780538,"50 Sloan Street,",99950,https://www.propertypal.com/50-sloan-street-lisburn/780538,/_static/3d75ac11dde0090594eb87d4b294a48c6848892e/_next/static/media/PropertyPalLogo@3x.c8a03f97.png,2 Bed End-terrace House,50,"Sloan Street,",Lisburn, BT27 5AG,"Offers around£99,950",End-terrace House,2,1,1,,E39/D58,,For sale,2023-05-21 18:04:33.458441
778724,"Ardkeen, 11B Magheralave Road,",575000,https://www.propertypal.com/ardkeen-11b-magheralave-road-lisburn/778724,/_static/3d75ac11dde0090594eb87d4b294a48c6848892e/_next/static/media/PropertyPalLogo@3x.c8a03f97.png,4 Bed Detached House,11,"Ardkeen,",Lisburn, BT28 3BE,"Offers around£575,000",Detached House,4,,3,Gas,E47/D61,,For sale,2023-05-21 18:04:33.744415
774674,"60 Glenbrae,",175000,https://www.propertypal.com/60-glenbrae-lisburn/774674,/_static/3d75ac11dde0090594eb87d4b294a48c6848892e/_next/static/media/PropertyPalLogo@3x.c8a03f97.png,3 Bed Semi-detached House,60,"Glenbrae,",Lisburn, BT28 2YJ,"Asking price£175,000",Semi-detached House,3,2,1,Oil,C69/C77,,For sale,2023-05-21 18:04:34.047275
779324,"14 Fairfields Glen,",325000,https://www.propertypal.com/14-fairfields-glen-lisburn/779324,/_static/3d75ac11dde0090594eb87d4b294a48c6848892e/_next/static/media/PropertyPalLogo@3x.c8a03f97.png,4 Bed Detached House,14,"Fairfields Glen,",Lisburn, BT28 3QL,"Asking price£325,000",Detached House,4,2,2,Gas,B81/B81,,For sale,2023-05-21 18:04:34.318499
654937,"1 Back Road,",379500,https://www.propertypal.com/1-back-road-drumbo-lisburn/654937,/_static/3d75ac11dde0090594eb87d4b294a48c6848892e/_next/static/media/PropertyPalLogo@3x.c8a03f97.png,5 Bed Detached House,1,"Back Road,", Lisburn, BT27 5LB,"Offers over£379,500",Detached House,5,,3,Oil,D63/D66,,For sale,2023-05-21 18:04:34.589520
766402,"51 Moira Road,",240000,https://www.propertypal.com/51-moira-road-lisburn/766402,/_static/3d75ac11dde0090594eb87d4b294a48c6848892e/_next/static/media/PropertyPalLogo@3x.c8a03f97.png,3 Bed Semi-detached House,51,"Moira Road,",Lisburn, BT28 1RH,"Asking price£240,000",Semi-detached House,3,2,2,Oil,E39/D60,,For sale,2023-05-21 18:04:36.104041
771064,"21 Saintsbury Avenue,",215000,https://www.propertypal.com/21-saintsbury-avenue-lisburn/771064,/_static/3d75ac11dde0090594eb87d4b294a48c6848892e/_next/static/media/PropertyPalLogo@3x.c8a03f97.png,3 Bed Detached Bungalow,21,"Saintsbury Avenue,",Lisburn, BT27 5QQ,"Offers around£215,000",Detached Bungalow,3,1,2,Oil,,,For sale,2023-05-21 18:04:36.469001
761054,"26 Parkland Avenue,",235000,https://www.propertypal.com/26-parkland-avenue-lisburn/761054,/_static/3d75ac11dde0090594eb87d4b294a48c6848892e/_next/static/media/PropertyPalLogo@3x.c8a03f97.png,3 Bed Detached Bungalow,26,"Parkland Avenue,",Lisburn, BT28 3JW,"Offers around£235,000",Detached Bungalow,3,,1,Gas,D65/C69,,For sale,2023-05-21 18:04:36.751317
764016,"2 Lady Wallace Crescent,",395000,https://www.propertypal.com/2-lady-wallace-crescent-lisburn/764016,/_static/3d75ac11dde0090594eb87d4b294a48c6848892e/_next/static/media/PropertyPalLogo@3x.c8a03f97.png,4 Bed Detached House,2,"Lady Wallace Crescent,",Lisburn, BT28 3GP,"Offers over£395,000",Detached House,4,,2,Oil,C69/C73,,For sale,2023-05-21 18:04:37.046021
771529,"1 Blaris Lane,",429950,https://www.propertypal.com/1-blaris-lane-lisburn/771529,/_static/3d75ac11dde0090594eb87d4b294a48c6848892e/_next/static/media/PropertyPalLogo@3x.c8a03f97.png,4 Bed Detached House,1,"Blaris Lane,",Lisburn, BT27 5FS,"Offers over£429,950",Detached House,4,,2,Gas,B84/B84,,For sale,2023-05-21 18:04:37.344383
704356,"76b Causeway End Road,",350000,https://www.propertypal.com/76b-causeway-end-road-lisburn/704356,/_static/3d75ac11dde0090594eb87d4b294a48c6848892e/_next/static/media/PropertyPalLogo@3x.c8a03f97.png,4 Bed Detached House,76,"b Causeway End Road,",Lisburn, BT28 2ED,"Offers around£350,000",Detached House,4,,1,Gas,C77/C77,,For sale,2023-05-21 18:04:37.669262
759084,"Sites Adjacent To, 120 Drumbo Road,",249950,https://www.propertypal.com/sites-adjacent-to-120-drumbo-road-drumbo-lisburn/759084,/_static/3d75ac11dde0090594eb87d4b294a48c6848892e/_next/static/media/PropertyPalLogo@3x.c8a03f97.png,Detached House,120,"Sites Adjacent To,", Lisburn, BT27 5TX,"Asking price£249,950",Detached House,,,,,,,For sale,2023-05-21 18:04:37.991816
774323,"96 Lough Road,",900000,https://www.propertypal.com/96-lough-road-boardmills-lisburn/774323,/_static/3d75ac11dde0090594eb87d4b294a48c6848892e/_next/static/media/PropertyPalLogo@3x.c8a03f97.png,5 Bed Detached House,96,"Lough Road,", Lisburn, BT27 6TT,"Asking price£900,000",Detached House,5,3,3,Oil,,,For sale,2023-05-21 18:04:38.254529
768894,"9D Feumore Road,",390000,https://www.propertypal.com/9d-feumore-road-ballinderry-lisburn/768894,/_static/3d75ac11dde0090594eb87d4b294a48c6848892e/_next/static/media/PropertyPalLogo@3x.c8a03f97.png,4 Bed Detached House,9,"D Feumore Road,", Lisburn, BT28 2LJ,"Asking price£390,000",Detached House,4,,2,Oil,,,For sale,2023-05-21 18:04:38.668637
759106,"10 Fairtree Hill,",375000,https://www.propertypal.com/10-fairtree-hill-lambeg-lisburn/759106,/_static/3d75ac11dde0090594eb87d4b294a48c6848892e/_next/static/media/PropertyPalLogo@3x.c8a03f97.png,4 Bed Detached House,10,"Fairtree Hill,", Lisburn, BT27 4NR,"Offers around£375,000",Detached House,4,,4,Gas,C69/C73,,For sale,2023-05-21 18:04:38.940777
581895,"Ballyaughlis Lodge, 238 Ballylesson Road,",1500000,https://www.propertypal.com/ballyaughlis-lodge-238-ballylesson-road-drumbo-lisburn/581895,/_static/3d75ac11dde0090594eb87d4b294a48c6848892e/_next/static/media/PropertyPalLogo@3x.c8a03f97.png,5 Bed Detached House,238,"Ballyaughlis Lodge,", Lisburn, BT27 5TS,"Asking price£1,500,000",Detached House,5,,4,Oil,,,For sale,2023-05-21 18:04:39.236587
772103,"16 Berkeley Hall Court,",199950,https://www.propertypal.com/16-berkeley-hall-court-lisburn/772103,/_static/3d75ac11dde0090594eb87d4b294a48c6848892e/_next/static/media/PropertyPalLogo@3x.c8a03f97.png,2 Bed Apartment,16,"Berkeley Hall Court,",Lisburn, BT27 5QX,"Offers around£199,950",Apartment,2,1,2,,C73/C76,,For sale,2023-05-21 18:04:39.533760
758237,"26 Sandymount,",144950,https://www.propertypal.com/26-sandymount-ballyskeagh-lisburn/758237,/_static/3d75ac11dde0090594eb87d4b294a48c6848892e/_next/static/media/PropertyPalLogo@3x.c8a03f97.png,3 Bed Terrace House,26,"Sandymount,", Lisburn, BT27 5TJ,"Offers around£144,950",Terrace House,3,2,1,,E41/C72,,For sale,2023-05-21 18:04:41.060631
758244,"320 Comber Road,",395000,https://www.propertypal.com/320-comber-road-carryduff-lisburn/758244,/_static/3d75ac11dde0090594eb87d4b294a48c6848892e/_next/static/media/PropertyPalLogo@3x.c8a03f97.png,5 Bed Detached Bungalow,320,"Comber Road,", Lisburn, BT27 6TA,"Offers around£395,000",Detached Bungalow,5,2,3,,D57/D64,,For sale,2023-05-21 18:04:41.739317
d3071,"Wellington Park, Maghaberry,",300000,https://www.propertypal.com/wellington-park-maghaberry/d3071,/_static/3d75ac11dde0090594eb87d4b294a48c6848892e/_next/static/media/PropertyPalLogo@3x.c8a03f97.png,New Homes with 4 bedrooms,,"Wellington Park, Maghaberry,",,,"Price£300,000",,,,,,,,,2023-05-22 22:00:20.831262
840561,"48 Tirowen Drive,",119950,https://www.propertypal.com/48-tirowen-drive-lisburn/840561,/_static/3d75ac11dde0090594eb87d4b294a48c6848892e/_next/static/media/PropertyPalLogo@3x.c8a03f97.png,3 Bed End-terrace House,48,"Tirowen Drive,",Lisburn, BT28 1SD,"Offers around£119,950",End-terrace House,3,,1,Oil,D57/D68,,For sale,2023-05-22 22:00:21.715261
840589,"45 Thornleigh Drive,",285000,https://www.propertypal.com/45-thornleigh-drive-lisburn/840589,/_static/3d75ac11dde0090594eb87d4b294a48c6848892e/_next/static/media/PropertyPalLogo@3x.c8a03f97.png,4 Bed Detached House,45,"Thornleigh Drive,",Lisburn, BT28 2DA,"Offers around£285,000",Detached House,4,,4,Gas,C71/C71,,For sale,2023-05-22 22:00:22.226761
840605,"11 Pinewood Park,",325000,https://www.propertypal.com/11-pinewood-park-drumbo-lisburn/840605,/_static/3d75ac11dde0090594eb87d4b294a48c6848892e/_next/static/media/PropertyPalLogo@3x.c8a03f97.png,4 Bed Detached House,11,"Pinewood Park,", Lisburn, BT27 5LH,"Offers over£325,000",Detached House,4,2,3,,E46/D61,,For sale,2023-05-22 22:00:22.992261
800795,"27 Warren Park,",145000,https://www.propertypal.com/27-warren-park-lisburn/800795,/_static/3d75ac11dde0090594eb87d4b294a48c6848892e/_next/static/media/PropertyPalLogo@3x.c8a03f97.png,3 Bed Semi-detached Bungalow,27,"Warren Park,",Lisburn, BT28 1LW,"Offers around£145,000",Semi-detached Bungalow,3,1,1,,D57/D65,,For sale,2023-05-22 22:02:11.932793
